,estimated,correct,approx_estimated,approx_estimated2,same_cluster,len
0,0.009392827042180809,0.011689408060811798,0.013129337424209221,0.011764471356308091,0.0,4
1,0.0003815144282284146,0.0004984100744273106,0.0007184469241321094,0.0004230953386846923,0.0,6
2,0.001976866818465239,0.0025186504879674506,0.00324039886039886,0.0022746004152783814,0.0,5
3,0.016453544192084092,0.020185378875810928,0.027442274819197903,0.019371271585557303,1.0,4
4,0.016453544192084092,0.0202286331811299,0.027442274819197903,0.019371271585557303,1.0,4
5,0.0002757824725298577,0.0003669393719174703,0.0005190442955008483,0.00032654281267716,0.0,6
6,0.002134211630667811,0.0028034211702100717,0.003711879246110015,0.0026113863537592353,0.0,5
7,0.03769766551856104,0.04204646811096786,0.0829541772330234,0.04511942139493161,0.0,4
8,5.793856609234788e-05,7.658491214958878e-05,0.00011556224583314169,6.496509358258114e-05,0.0,7
9,0.018806606221546802,0.023595474662198516,0.03286673476096553,0.020754933841668537,0.0,4
10,0.0008458879635542151,0.0011489606055496793,0.001819695684288277,0.0009340643246346669,0.0,6
11,0.03646173762945916,0.03961021719323871,0.0731361682849778,0.03641383991238219,0.0,4
12,0.0004717245393274735,0.0006102752197984847,0.0009738823107619404,0.0005430874122044379,0.0,6
13,0.0003335950716846908,0.0004561682037156102,0.0006488213727972987,0.0003812197487533356,0.0,6
14,0.00937337708556896,0.01202632399780427,0.013137175834611733,0.011684259051605991,0.0,4
15,0.002171046491053689,0.002762243737634511,0.003664435960747072,0.002535946303539524,0.0,5
16,0.1520791245791246,0.16751880134604688,0.2907900289745528,0.15174560959135427,0.0,3
17,0.07799242424242424,0.08600141155225041,0.10841361416361417,0.09338191359467955,1.0,3
18,0.0023636340326340325,0.0029671783921981763,0.004224135042735043,0.002755012603215993,1.0,5
19,0.0023636340326340325,0.0029877597187663164,0.004224135042735043,0.002755012603215993,1.0,5
20,3.392285049078225e-05,4.6276172992222634e-05,6.909767036758243e-05,3.934926164606707e-05,0.0,7
21,0.0027559899658286756,0.003650149347770565,0.005096749999999999,0.003117342459800087,0.0,5
22,0.00952501594303654,0.011356407682319223,0.013481098815714203,0.011813084874309366,0.0,4
23,0.06514189514189514,0.07256390749849714,0.0849442736496308,0.08205761437144415,0.0,3
24,0.002540140916757832,0.003424216929087753,0.004610265590376701,0.0029160480950311462,0.0,5
25,0.07981879400061218,0.08913264560569314,0.10795502383051987,0.09134934706743217,0.0,3
26,0.002540140916757832,0.0032208264177273826,0.004610265590376701,0.0029160480950311462,0.0,5
27,0.027533048249396997,0.03277176069569608,0.04891168091168091,0.02919727891156463,1.0,4
28,0.01762801892421286,0.022371496209775008,0.030177880049674925,0.01998623258827341,0.0,4
29,7.3408842075996115e-06,1.053362361426029e-05,1.3359996402466272e-05,8.08789019880245e-06,0.0,8
30,0.0034088370238695292,0.004172927522370089,0.006085064373897707,0.0035923833437957733,0.0,5
31,4.335016569592014e-06,6.471811527069306e-06,8.140025840071377e-06,4.927818333675498e-06,0.0,8
32,0.00151492114024274,0.0019389417230136039,0.00238936957898069,0.001791701192718142,0.0,5
33,0.07981879400061218,0.08970509671992691,0.10795502383051987,0.09134934706743217,0.0,3
34,6.480254169932123e-06,9.515557231437985e-06,1.1819638526022067e-05,7.155386551627708e-06,0.0,8
35,4.895814349563127e-05,7.103107015450451e-05,9.70011222491881e-05,5.453067253151859e-05,0.0,7
36,0.0006518615043445303,0.0008296334282948369,0.0013536760578242062,0.0006948527293013985,1.0,6
37,7.151916095844863e-05,9.448594228055088e-05,0.0001380798893226877,7.762373314095173e-05,0.0,7
38,0.0007699177516504328,0.0009209686678636356,0.001605046621645387,0.0008690932740503224,0.0,6
39,0.003317274719582411,0.004275328827973514,0.006553757644824311,0.003590656236418948,1.0,5
40,0.003317274719582411,0.004387288954968477,0.006553757644824311,0.003590656236418948,1.0,5
41,0.0005260090124787137,0.0007117724313505278,0.0011206662445921705,0.0005752469316347644,0.0,6
42,0.01575740791542022,0.019269450040220293,0.02435054447610003,0.017611057121261205,0.0,4
43,8.802313345015008e-06,1.3149855914413816e-05,1.5894529482033827e-05,9.622248789572045e-06,0.0,8
44,1.536624448085277e-08,2.462098017782469e-08,2.3428326765078888e-08,1.662258253518497e-08,0.0,11
45,1.3739363186318066e-07,2.2318353770133096e-07,2.190337229255913e-07,1.485907165575619e-07,0.0,10
46,1.1100835421062357e-06,1.6982432806741552e-06,1.8550126545371175e-06,1.1944040144475876e-06,0.0,9
47,1.5764919469547775e-05,2.250637617332306e-05,2.8889381288291214e-05,1.7489087326992437e-05,0.0,8
48,1.6280149062004112e-06,2.4241784593072933e-06,2.8014613062582144e-06,1.8038025898800903e-06,0.0,9
49,7.759802883990884e-06,1.180831084092079e-05,1.4038122081139914e-05,8.498414712797705e-06,0.0,8
50,1.206275401295342e-06,1.8968248630996529e-06,2.022103268081138e-06,1.3019901805609867e-06,0.0,9
51,0.0977570145903479,0.10817838272452401,0.13936655846200915,0.10299719769704573,0.0,3
52,1.9409039516829554e-06,2.797232267503499e-06,3.264822271985327e-06,2.102151065427754e-06,0.0,9
53,8.845355169590116e-06,1.1979370971601548e-05,1.6004714444220616e-05,9.688952690447459e-06,0.0,8
54,0.030112853513585107,0.03323046768074997,0.055134818884818894,0.02979314174649452,0.0,4
55,2.335589679277013e-06,3.5982071173091505e-06,3.893085768403555e-06,2.5066768461103973e-06,0.0,9
56,0.06590909090909092,0.07513138807355295,0.08515873015873016,0.08153495440729483,1.0,3
57,0.0012862880752930505,0.0017064600392953761,0.0019744015194681857,0.0015581271910763436,0.0,5
58,0.0003367970494540554,0.0004916626621456136,0.0006603493783993784,0.00038367054576180057,0.0,6
59,0.07010330578512397,0.08155802146838445,0.0918610376249265,0.08455476753349092,0.0,3
60,0.00019602617589436106,0.0002529885493942542,0.00039611668249446027,0.0002226830844481053,0.0,7
61,0.0012862880752930505,0.0017842992067066688,0.0019744015194681857,0.0015581271910763436,0.0,5
62,0.0003367970494540554,0.0004882052023780748,0.0006603493783993784,0.00038367054576180057,0.0,6
63,1.3020023872812316e-05,2.0901293541053832e-05,2.3285290426689603e-05,1.409647626727846e-05,0.0,8
64,0.001517639502945901,0.0020674679300570304,0.002386482431149098,0.0018025819691921386,0.0,5
65,4.3934238989345e-06,6.684447462419351e-06,8.234904355060523e-06,4.985255999700316e-06,0.0,8
66,2.6320164158268442e-06,3.274605881272472e-06,4.662409083379856e-06,3.002028106150781e-06,0.0,9
67,0.0003956630185466911,0.0005938407517519861,0.0008015251176292844,0.0004388134784522618,0.0,6
68,0.015332580993346546,0.018649673014546456,0.023376539333682188,0.01709381507705123,0.0,4
69,0.00022882600213425245,0.00030267607083811775,0.00045145651313706873,0.00025379322124600235,0.0,7
70,0.00039346944189550356,0.0005559312383809526,0.000786903463648834,0.00044045309616919256,0.0,6
71,0.08543771043771044,0.09395941924241,0.11760015117157975,0.09512411347517731,0.0,3
72,1.5574467177421555e-05,2.486156546795881e-05,2.7459068899398122e-05,1.662320314537554e-05,0.0,8
73,0.0003227472277561031,0.0004560281966013314,0.000631963673691772,0.0003702084213491058,0.0,6
74,5.1638750518724745e-06,7.977607215025914e-06,9.569211703060905e-06,5.793020537727454e-06,0.0,8
75,0.0016673108265567024,0.0023923958959656674,0.0026928597657486547,0.0019398870056497172,0.0,5
76,3.6712126677181294e-05,5.5956639549162094e-05,7.505881163181997e-05,4.219546519456863e-05,0.0,7
77,0.08714646464646465,0.09788012408458543,0.12719220594220593,0.10244135297326785,0.0,3
78,6.524417362448081e-06,1.0435363459878206e-05,1.1922399146063458e-05,7.2175958955989524e-06,0.0,8
79,0.0036905753476512587,0.004865068553453659,0.00731891975308642,0.004231413073220983,0.0,5
80,0.0003632284763489006,0.0005529262665194657,0.0007228464793950905,0.00040817851584644995,0.0,6
81,5.4606456051516435e-05,7.966800043507332e-05,0.00010712399205732539,6.0221399461137716e-05,0.0,7
82,0.04066784162192988,0.04492142600554532,0.09298976023976024,0.04621322554996025,1.0,4
83,0.0017913112581693514,0.002272112456818914,0.0028799299620132952,0.002085482157516056,0.0,5
84,0.0004686618769808788,0.000657766699124427,0.0009749218898385566,0.0005150372103604043,0.0,6
85,5.310197284438743e-05,8.178672049887232e-05,0.00010471058273637149,5.8864664298555066e-05,0.0,7
86,0.0013345459693760609,0.0017627701814483265,0.0029588547712004506,0.0015188037798937674,0.0,6
87,6.675203376936712e-05,0.00010667660332697919,0.00012918838129812068,7.262523517354197e-05,0.0,7
88,1.4163250575876046e-05,2.2750519603150725e-05,2.514030308122672e-05,1.5219465990877165e-05,0.0,8
89,4.6543530554935446e-05,6.432404892891381e-05,9.342090797603557e-05,5.2518000022221057e-05,0.0,7
90,0.0008626839169320995,0.001000322919031717,0.0019652772831592275,0.001015700027803957,0.0,6
91,0.00022882600213425245,0.00030052542190700185,0.00045145651313706873,0.00025379322124600235,0.0,7
92,0.008831739058805592,0.009896632329054357,0.02054776936026936,0.009403216486902927,1.0,5
93,5.8441874543271593e-05,8.476532687501292e-05,0.00011569421029613075,6.503927943476714e-05,0.0,7
94,0.00011559004100421998,0.0001379491712921389,0.0002328947466575999,0.00013092536323107193,0.0,7
95,7.321098824416167e-05,0.0001171908805118904,0.00014062966000620323,7.905712594042954e-05,0.0,7
96,1.5574467177421555e-05,2.47689350625184e-05,2.7459068899398122e-05,1.662320314537554e-05,0.0,8
97,0.0023804669153685396,0.0030338529000322116,0.004033379487179486,0.0027680695349847893,0.0,5
98,3.821652747301173e-06,6.2294523492307835e-06,6.302703814538394e-06,4.0581797216026216e-06,0.0,9
99,0.0033533237545900546,0.004495684377656161,0.006280056030389364,0.0036124177893669417,0.0,5
100,0.001109509882440903,0.001432772700052957,0.002310724678461304,0.0011861134281075136,0.0,6
101,0.016651474616817222,0.0204970126368351,0.026187569268338505,0.019491590042610453,0.0,4
102,0.008726683842473318,0.01047830506745152,0.012063313609467457,0.011069298048889887,1.0,4
103,0.000989250493096647,0.0012210910492903844,0.0014597314924391846,0.0012635092434727377,0.0,5
104,0.00010181347187100277,0.00012157184758265425,0.0002120389300411523,0.000119200945204574,0.0,7
105,0.001402854259440281,0.001835589924303335,0.0021878806267806267,0.0016778157322903085,0.0,5
106,0.001994913400232549,0.002432315860218549,0.003381019943019943,0.0023241338548457193,0.0,5
107,0.00011034823101089944,0.0001490560640477464,0.00021908675772533114,0.00012316298991697674,0.0,7
108,0.040809664660165314,0.04891712378707218,0.09366504551689737,0.036865251150965436,0.0,4
109,5.221586598281775e-08,8.115919304280598e-08,7.893763877885407e-08,5.600687701223044e-08,0.0,11
110,0.008726683842473318,0.010920088322875717,0.012063313609467457,0.011069298048889887,1.0,4
111,0.00031115989303514413,0.0004253150887340338,0.0005704222886989554,0.00035813393129895035,0.0,6
112,0.0016583719240238059,0.0021531027735145463,0.002640084401709402,0.0019503791829639286,0.0,5
113,1.2294262018260194e-06,1.997130059225866e-06,2.0897639635674288e-06,1.34555549323499e-06,0.0,9
114,0.09990981240981242,0.10879969681839981,0.14902777777777776,0.10871327254305979,0.0,3
115,0.010168292915661339,0.012428974302248989,0.014504698506621585,0.012452960305001122,0.0,4
116,0.020080836707152497,0.02432316174119637,0.037083519614288844,0.023983479105928088,0.0,4
117,0.08944805194805194,0.09749409971940555,0.12679188712522044,0.09965383316447145,1.0,3
118,0.00031115989303514413,0.00040615696660908446,0.0005704222886989554,0.00035813393129895035,0.0,6
119,4.5232769518296665e-06,6.555755032260966e-06,8.397466549048573e-06,5.083668090231199e-06,0.0,8
120,0.00329392455786416,0.004011417875978747,0.005913422222222222,0.0035433248587570625,0.0,5
121,0.0006390284256086887,0.000759818289957762,0.001346278920896205,0.0006910557198516642,0.0,6
122,3.8826937012475105e-08,5.1456041646407315e-08,6.011740631983086e-08,4.265377371473905e-08,0.0,11
123,8.792643476727685e-05,0.0001093407411159067,0.0001682622004837277,9.459118349620624e-05,0.0,7
124,5.593636026992947e-08,9.206051247856329e-08,9.11281951001961e-08,6.182063486696721e-08,0.0,10
125,0.017892658664632074,0.021462619287975146,0.02873561253561253,0.019812439261418853,0.0,4
126,4.5857202866147646e-07,6.983198026108949e-07,7.276374524307778e-07,4.936233973776634e-07,0.0,10
127,5.039356732428947e-10,8.127396734369517e-10,7.077287188190742e-10,5.402626800902459e-10,0.0,13
128,1.8454061360735135e-06,3.011776497866692e-06,3.098196573893572e-06,1.9948642486914093e-06,0.0,9
129,0.07799242424242424,0.08394066662542489,0.10841361416361417,0.09338191359467955,1.0,3
130,0.00872668384247332,0.010709032398660081,0.012063313609467457,0.011069298048889887,0.0,4
131,0.0009533544909725035,0.001188135760704997,0.0021203893004115228,0.0010884127587663709,0.0,6
132,0.001402854259440281,0.0018574027785679655,0.0021878806267806267,0.0016778157322903085,0.0,5
133,0.0031317752459269813,0.0038536715478724127,0.005531911111111111,0.003443299435028248,0.0,5
134,0.002574557092521272,0.0033848565793210767,0.004392370845204178,0.002966825051909797,0.0,5
135,0.06514189514189514,0.07525668528426427,0.0849442736496308,0.08205761437144415,0.0,3
136,2.3471141409821352e-05,3.568595536830004e-05,3.986288402264558e-05,2.4132239206534316e-05,0.0,8
137,0.0006592951354419614,0.0008914998778118365,0.0013610731947522074,0.0006986497387511329,0.0,6
138,0.00015117060554330498,0.00018998977847097803,0.0002982525609370054,0.00016766726358445575,0.0,7
139,0.0004556111425953769,0.0006039691892177686,0.0008974444286166509,0.0005057616587046246,0.0,6
140,1.8454061360735135e-06,3.018021159546583e-06,3.098196573893572e-06,1.9948642486914093e-06,0.0,9
141,1.893454911883579e-10,2.5997684620334547e-10,2.5546199474701034e-10,2.0100881351867173e-10,0.0,14
142,2.732396723547255e-10,4.883376097080458e-10,3.8193710608503277e-10,2.915613837230242e-10,0.0,13
143,0.00021080192978109098,0.00027690754265730815,0.00039122635308094843,0.00021993391056602992,0.0,7
144,0.0017384079453310222,0.0021061598836810513,0.002841198024691358,0.002036881355932203,1.0,5
145,0.00018281673574272811,0.0002273597012052258,0.0003207853780407627,0.0002159037988648986,0.0,6
146,0.020453278747396397,0.02451661692930517,0.03364777636893022,0.022225492761207048,0.0,4
147,3.958306051817497e-05,5.1711001599455635e-05,8.399367341103598e-05,4.7219113975280483e-05,0.0,7
148,5.776482386350764e-06,7.538284392088819e-06,1.1122866161439887e-05,6.733573685176613e-06,0.0,8
149,0.0540273453192604,0.05588457899576119,0.11775034293552812,0.046344887161213696,0.0,4
150,0.007723715687971519,0.00902326603565899,0.016720548696844993,0.007651776522284998,0.0,5
151,2.6828518380403092e-08,3.987671040045986e-08,4.111551407031933e-08,2.9171781363795606e-08,0.0,11
152,6.656262222840757e-08,9.196693083694229e-08,9.993283673220739e-08,7.090313547411752e-08,0.0,11
153,0.17063131313131316,0.17936700553281293,0.3294831821617536,0.1596186938132227,0.0,3
154,0.031651320123624774,0.03789022961948655,0.06353423551756886,0.02971865889212828,0.0,4
155,0.03644420093028459,0.042449374670376204,0.07381788003663003,0.033237973760932946,0.0,4
156,0.0023804669153685396,0.003087581330631377,0.004033379487179486,0.0027680695349847893,0.0,5
157,0.001191849261849262,0.001497634152416665,0.0018060638176638174,0.0014623763581051719,1.0,5
158,8.055273791902293e-05,0.00011865525907012197,0.00015973332651192734,8.979654583805552e-05,0.0,7
159,1.052982908357341e-05,1.609289421199573e-05,1.9135920015225e-05,1.1584525569755044e-05,0.0,8
160,0.0001797659009363252,0.0002410442403124462,0.0003047554368471035,0.0002118731272951805,0.0,6
161,3.8324839386914116e-05,5.337278234385118e-05,7.615976399796303e-05,4.359348853195849e-05,0.0,7
162,0.004635106105432693,0.005581159325431436,0.009503255518144406,0.0048864577983222055,0.0,5
163,1.2415701304298825e-06,1.7531540066308185e-06,2.1001398846423507e-06,1.3522363327188426e-06,0.0,9
164,0.00021332227535128548,0.0002804922677603975,0.0003704231896961064,0.0002469005394689806,0.0,6
165,1.1326863316162197e-06,1.7572924279616618e-06,1.938195327256361e-06,1.2479636049901845e-06,0.0,9
166,0.0008727540834547868,0.001025057560531536,0.0017320228000166273,0.0008890611330883828,0.0,6
167,7.282475253320096e-06,9.651237925366227e-06,1.3234957391579615e-05,8.012193936606492e-06,0.0,8
168,3.106119375938777e-05,4.165456492358426e-05,5.990505008120346e-05,3.503983828815774e-05,0.0,7
169,0.02365819069606985,0.025930600492884835,0.040184275793650796,0.024005203271784906,1.0,4
170,0.12658730158730158,0.13216409402663673,0.1984502551020408,0.12230243161094226,1.0,3
171,0.005858302864250445,0.0067903469219874795,0.012717037037037035,0.007058903737505433,0.0,5
172,1.2495589551352373e-08,2.123288846135484e-08,1.923405293838e-08,1.3646712189916054e-08,0.0,11
173,0.018257113353980742,0.020580783533308222,0.029286540809617737,0.02103854163329382,0.0,4
174,4.024825210783734e-06,6.1392950127010705e-06,7.593685810751296e-06,4.597074369737331e-06,0.0,8
175,2.6701064721717796e-05,3.7904286435658715e-05,5.135879174329119e-05,3.0900216846494244e-05,0.0,7
176,9.40963393375151e-09,1.2724092138230592e-08,1.3873896379927297e-08,1.0234841591749645e-08,0.0,12
177,3.43657364278149e-08,5.3688916142408094e-08,5.1777547134528803e-08,3.673657787614681e-08,0.0,11
178,1.5332955019315222e-07,2.3783630293707763e-07,2.446208441946263e-07,1.6594881390087712e-07,0.0,10
179,0.0010625736157466833,0.0013159910118772213,0.002032531487716673,0.0010433146419838435,0.0,6
180,0.0009411705626837592,0.0011235854353792642,0.0021324558800253244,0.0010946066304312503,0.0,6
181,0.0019372493388275765,0.0023974265291681154,0.003910047325102881,0.0020070585128855087,0.0,6
182,1.632238559771926e-09,2.8690851253254085e-09,2.3840727345843855e-09,1.7587421812507761e-09,0.0,12
183,8.468720981496861e-09,1.1590686415069881e-08,1.2533003877625883e-08,9.245658598248601e-09,0.0,12
184,0.00015213596171841838,0.00019324868363934292,0.0002765084652345741,0.00015544348581003717,0.0,7
185,0.004966703654875562,0.006401005780359624,0.010327507918693104,0.005124589269975334,0.0,5
186,5.507757501889618e-07,8.91181143517089e-07,9.541674403195982e-07,6.143685426541134e-07,0.0,9
187,5.908818607447602e-06,8.859869499188298e-06,1.0809354002477735e-05,6.543779328854233e-06,0.0,8
188,0.00021332227535128548,0.0002856596944280968,0.0003704231896961064,0.0002469005394689806,0.0,6
189,3.945897525277589e-05,5.4767617568654756e-05,7.792827471085604e-05,4.4391072389981774e-05,0.0,7
190,0.03272371735072828,0.035735053537148675,0.06382033749726057,0.03753935860058309,0.0,4
191,4.7590643775822077e-05,6.0077240319447394e-05,9.989548915999058e-05,5.615778539928085e-05,0.0,7
192,0.14787698412698413,0.1524424054974626,0.24331065759637185,0.13362673083417764,1.0,3
193,5.475056038763114e-05,8.27754334779924e-05,0.00010712399205732539,6.0221399461137716e-05,0.0,7
194,6.665009896227426e-06,1.0185241615672167e-05,1.2220070205057859e-05,7.397800348353412e-06,0.0,8
195,2.6647884095928144e-05,3.5964753522774e-05,5.122952964301757e-05,3.0348863457251325e-05,0.0,7
196,0.07072150072150073,0.0798784447959329,0.09459481655910226,0.08691088546711648,1.0,3
197,0.00021860806940123727,0.0002865663948796095,0.0003860271043771044,0.0002525257843128566,0.0,6
198,8.452077676726569e-08,1.4318450797221304e-07,1.3752628230722142e-07,9.32967241782658e-08,0.0,10
199,1.4284696651068402e-06,2.339388589026392e-06,2.398092017214103e-06,1.544081505519414e-06,0.0,9
200,7.213490961773467e-06,1.0166222692991072e-05,1.2971141118191873e-05,7.852484533434543e-06,0.0,8
201,0.00025863440657577727,0.0003735701476503909,0.0004688701059742726,0.0002923573996767913,0.0,6
202,0.0006955445700530201,0.0008502097974143814,0.001485460718294052,0.0007673410915236011,0.0,6
203,0.025394581975360014,0.030792424527371846,0.04972356717356718,0.027372448979591842,0.0,4
204,0.006992497555713169,0.008461019141632635,0.015248669410150892,0.00697820464532329,0.0,5
205,0.11424242424242424,0.1257877561961058,0.184510582010582,0.12230243161094226,1.0,3
206,0.012047988658514976,0.014096238721489917,0.017555799755799753,0.014077259475218658,0.0,4
207,0.011315609566296066,0.01369169347739469,0.016343330003330003,0.013437384044526901,0.0,4
208,0.07518518518518519,0.08235432082624172,0.1003656462585034,0.08832953394123606,0.0,3
209,3.3990581934879368e-06,5.350998544493003e-06,6.2679901274359435e-06,3.794523171317724e-06,0.0,8
210,4.587001776936929e-05,7.06201850554282e-05,8.941121144972997e-05,5.026388745984225e-05,0.0,7
211,3.123831247661371e-06,4.091463251893632e-06,5.79182372122619e-06,3.506260997154869e-06,0.0,8
212,0.011158817896616942,0.013048631918126163,0.016285977270592656,0.013441290487937721,1.0,4
213,2.668747213978769e-05,3.435554427098559e-05,5.129110422946172e-05,3.0348863457251325e-05,0.0,7
214,0.00021897214407689126,0.00028841142385803404,0.0003865690235690236,0.0002525257843128566,0.0,6
215,0.0014472678703539947,0.0017905011255513585,0.0022810629370629367,0.0017330109438584015,0.0,5
216,1.6370090801498574e-07,2.5923080190572494e-07,2.6004348449261115e-07,1.7641140907790205e-07,0.0,10
217,1.0396366258704227e-07,1.6773260321915583e-07,1.65867420989111e-07,1.1252312479160795e-07,0.0,10
218,6.077310570010252e-06,8.244627371512096e-06,1.1113338970941165e-05,6.727806103484561e-06,0.0,8
219,0.018806606221546805,0.020900180044212093,0.03286673476096553,0.020754933841668537,0.0,4
220,0.15096320346320344,0.15559600950377606,0.2639920634920635,0.14042131036811886,1.0,3
221,1.1548154353910064e-06,1.7961440477408263e-06,1.9243315484698204e-06,1.2390370065664182e-06,0.0,9
222,0.0651070226070226,0.07028881497621693,0.08484679341822199,0.08205761437144415,0.0,3
223,0.03141332066293616,0.03242258916344687,0.05825730565730567,0.03128279883381924,0.0,4
224,0.0005335827430870611,0.0007133403003438904,0.0011099307893752339,0.000569736336751546,0.0,6
225,0.0007918314790444614,0.00105066474226736,0.0016107265660722451,0.0008267988076796696,0.0,6
226,0.0038277656040693678,0.0047006653263785515,0.007391777777777778,0.004031327683615819,0.0,5
227,1.8135534699109195e-06,2.92390550168074e-06,3.011954757498425e-06,1.939334939247793e-06,0.0,9
228,0.10529761904761906,0.1142550755855806,0.15994556369556368,0.11150079235185618,1.0,3
229,5.067638792658928e-08,8.041900142406003e-08,7.643736939414874e-08,5.423291617310602e-08,0.0,11
230,4.6903399317537635e-06,6.615927186400928e-06,8.498189551950869e-06,5.144643899163083e-06,0.0,8
231,0.015596010800345164,0.01884165897990245,0.025060517829748604,0.01713105650423435,1.0,4
232,0.0006603771002803026,0.0008561153784386208,0.0013600164609053496,0.0007108001689902832,0.0,6
233,1.4818534356718038e-07,2.377229709520013e-07,2.3600968018777504e-07,1.6010706947411873e-07,0.0,10
234,0.03141332066293616,0.03240600508131485,0.05825730565730567,0.03128279883381924,0.0,4
235,0.09594742063492064,0.10729178656747484,0.1406834699691842,0.1050297642242931,1.0,3
236,3.9619774755274083e-05,5.315516837291334e-05,7.760269104466636e-05,4.362554612564528e-05,0.0,7
237,1.3994383134804644e-08,2.3987157796077485e-08,2.1074045247536252e-08,1.495220123869629e-08,0.0,11
238,2.0961632340427956e-05,2.966461437146747e-05,3.722461216278007e-05,2.25350791119969e-05,0.0,8
239,0.13541005291005292,0.15206791985308427,0.2587125341589627,0.14547369002156235,0.0,3
240,0.00012906691015659836,0.00014753112790487298,0.00024302957143450973,0.00013662281083022705,0.0,7
241,9.734622512459905e-06,1.5920672329938125e-05,1.7256847986033174e-05,1.0446970753876584e-05,0.0,8
242,0.015835046428503887,0.01794396771844783,0.024351483437197726,0.01775980787226102,0.0,4
243,0.000493853759230692,0.0006155231908110453,0.0009699082366878664,0.000533356548160097,0.0,6
244,0.0007554785900857641,0.0008716762242671595,0.0015692017292264207,0.0008054837773595696,0.0,6
245,0.0053699619695798725,0.006291142375024836,0.011362841189674523,0.005422253609541745,0.0,5
246,0.006634645604223391,0.007367470150379613,0.013973653978052124,0.0063947230069052105,0.0,5
247,0.0015772419371295223,0.0018122654078414182,0.0024887819528619528,0.001843994863893169,0.0,5
248,0.011317502393745373,0.012846289894775077,0.0163469030969031,0.013437384044526901,0.0,4
249,3.866837831631784e-07,5.527520867508995e-07,6.631182078745317e-07,4.2696800348042176e-07,0.0,9
250,0.00047824049345758166,0.0006097112083452805,0.0009313408179012344,0.000514589705675257,0.0,6
251,0.011317502393745373,0.012542583963334334,0.0163469030969031,0.013437384044526901,0.0,4
252,0.07731643356643356,0.08383558908434648,0.10480790902219474,0.09071204884274793,0.0,3
253,0.018333485761432528,0.02091319209485482,0.029441100011100015,0.020476013782136232,0.0,4
254,5.4302813063578164e-05,7.475133973304447e-05,0.00010757286377545639,6.0473739600122704e-05,0.0,7
255,0.07129823879823881,0.07643521959624941,0.09423679825465539,0.08585877774707562,0.0,3
256,0.003540977787230685,0.004160865831162235,0.006437448045267489,0.0037366399874450723,0.0,5
257,4.587001776936929e-05,6.46295259275504e-05,8.941121144972997e-05,5.026388745984225e-05,0.0,7
258,0.08785375118708452,0.0954463091048775,0.12278103557440292,0.09750662837668918,1.0,3
259,0.02365819069606985,0.02614818658203298,0.040184275793650796,0.024005203271784906,1.0,4
260,0.11897113997113998,0.12743495843182184,0.1838769605064248,0.1185276652031971,1.0,3
261,0.0006529955769312017,0.0006669972290217978,0.0013435215060145615,0.0007119392718252034,0.0,6
262,1.0909662303438761e-09,1.907775750337728e-09,1.5875726234853336e-09,1.1711601320793446e-09,0.0,12
263,7.880296044738272e-06,1.1767318346190713e-05,1.4121806862547603e-05,8.549075903335992e-06,0.0,8
264,1.2293337096834005e-05,1.7448533713347036e-05,2.1989222374638014e-05,1.3311861078816735e-05,0.0,8
265,1.628438248199283e-08,2.8546699647652404e-08,2.45234174964345e-08,1.7399558042142968e-08,0.0,11
266,2.376398524079258e-09,4.141520787935193e-09,3.415570908700417e-09,2.5196834572380123e-09,0.0,12
267,0.000884743452938325,0.0010898773174418154,0.0018474349477682812,0.000948303110071171,0.0,6
268,0.0007266989742144663,0.0010370834365888743,0.001508007232822048,0.0007740721537299486,0.0,6
269,0.00020016472520061637,0.0002736101003897902,0.0003483619192878452,0.0002327517480876163,0.0,6
270,0.003323427132229381,0.0038304466286158993,0.005978723484848485,0.0035684001027221366,1.0,5
271,0.00040428520508628633,0.0005438501858753337,0.0007890919834623539,0.00044479253554031756,0.0,6
272,0.005588251675146835,0.00568262222216457,0.011220135802469135,0.005658003766478343,0.0,5
273,0.00012127905646970428,0.0001721940570092741,0.00022565470549112528,0.00012685526275378546,0.0,7
274,1.1955533789780104e-05,1.6649507638170648e-05,1.939327251096547e-05,1.2486924271766321e-05,0.0,9
275,1.2538085919875849e-08,2.1158510062790943e-08,1.894456081507275e-08,1.3441315246241294e-08,0.0,11
276,4.732698882804831e-08,5.837843101502194e-08,7.276374524307779e-08,5.1626450877195645e-08,0.0,11
277,0.0027694302592325298,0.0035390254649063533,0.004791759628574443,0.003127215756970936,0.0,5
278,6.077310570010252e-06,8.734350151591657e-06,1.1113338970941165e-05,6.727806103484561e-06,0.0,8
279,0.0001205310502971511,0.00017026455796670154,0.00022269697149824723,0.0001251925271063912,0.0,7
280,0.00041382080147489217,0.0005473131713790251,0.0008171215056548392,0.0004544576505032779,0.0,6
281,0.0041097596061609645,0.004540822112743656,0.007684244791666667,0.004199299670433145,1.0,5
282,2.2044892365277137e-07,3.1106773474453945e-07,3.4323158122546434e-07,2.3284554505245067e-07,0.0,10
283,1.5241299129162399e-05,2.1413883070665745e-05,2.7565766995692925e-05,1.6687796163311857e-05,0.0,8
284,8.615757523668718e-06,1.2785651444554972e-05,1.529862410109324e-05,9.26149889528066e-06,0.0,8
285,0.03140559985823144,0.03476762181965755,0.06269538563288564,0.03226038629737609,0.0,4
286,1.282676806834179e-05,1.7730404739152845e-05,2.27204181521877e-05,1.375451323114502e-05,0.0,8
287,0.00313475541855805,0.0036143456067497634,0.005600387464387464,0.0036279617557583655,1.0,5
288,2.1869961851412137e-07,3.1389258865621525e-07,3.4731694827633376e-07,2.3561702521258825e-07,0.0,10
289,7.93857126869529e-06,1.0413853412710756e-05,1.452140169376932e-05,8.790983088156316e-06,0.0,8
290,1.1232249379750388e-09,1.4960153093730459e-09,1.5346535360358222e-09,1.1715167271608823e-09,0.0,13
291,6.61732153488731e-09,8.725201037092926e-09,9.412037696377335e-09,6.943306497327542e-09,0.0,12
292,1.906224435502165e-07,2.6576926867792655e-07,3.019602616688183e-07,2.04847413694927e-07,0.0,10
293,0.021498477825102308,0.02395683089251965,0.0363058373250681,0.024837167205971872,1.0,4
294,1.036931975299874e-07,1.5303437759063595e-07,1.6659185224683025e-07,1.1301457313227176e-07,0.0,10
295,7.554326597930635e-07,1.032397199502135e-06,1.3217903935163265e-06,8.51073305841196e-07,0.0,9
296,9.425341100169435e-06,1.2378610946331193e-05,1.6943553085638134e-05,1.0257307921798872e-05,0.0,8
297,5.202677635596132e-09,6.820903723725715e-09,7.418122079976113e-09,5.472385140965985e-09,0.0,12
298,5.8569258973892155e-08,8.179187322506999e-08,8.868861063056281e-08,6.292526841203332e-08,0.0,11
299,3.8766187441726624e-08,5.6455325943770905e-08,5.917251711374574e-08,4.198336737406232e-08,0.0,11
300,2.7459699452654243e-06,3.99764868057457e-06,4.5099588362412945e-06,2.903868567055205e-06,0.0,9
301,7.758833174149911e-07,8.180525651320366e-07,1.1958865206793675e-06,8.112798004608775e-07,0.0,10
302,0.0011849632150326204,0.0014252871281950701,0.0023145673469953305,0.001188085900548934,0.0,6
303,0.00038340563482811495,0.000513024648747553,0.0007194177983539095,0.00041833551612448954,0.0,6
304,0.00023625609562497084,0.0003444787913350694,0.00041385197873799724,0.00026753728582828713,0.0,6
305,0.00047787060129321425,0.0006660956371375466,0.0009304714891975311,0.000514589705675257,0.0,6
306,1.1265399240740005e-06,1.7725555237129333e-06,1.8587009837917528e-06,1.1967788528388867e-06,0.0,9
307,0.1965764790764791,0.2046922517459393,0.4139660493827161,0.17212934819317796,0.0,3
308,2.985491258917416e-06,4.363102402766706e-06,4.7572215366647796e-06,3.0630758701895637e-06,0.0,9
309,0.000413506066151769,0.000535599122796966,0.0007850896790695019,0.0004463068190708664,0.0,6
310,0.00023625609562497084,0.0003401968093227038,0.00041385197873799724,0.00026753728582828713,0.0,6
311,0.020724485796712367,0.023240890295711986,0.03402709944376611,0.022158649173955297,0.0,4
312,0.0004949780360859517,0.0006050132409641733,0.000968924753709939,0.0005359207623339435,0.0,6
313,0.01497721474123873,0.017470809700293934,0.02267942570546737,0.016618986880466473,0.0,4
314,6.733766199461926e-05,8.663522003883156e-05,0.00012873508873216237,7.237040978696814e-05,0.0,7
315,0.0007780604908514127,0.00089778813372982,0.0016047163923182445,0.0008237137375017604,0.0,6
316,0.01655848916222431,0.01880936598053419,0.02775973044049967,0.019371271585557303,0.0,4
317,0.019580609674314523,0.020423437510286493,0.03167249694749694,0.02052933673469388,0.0,4
318,2.348652746800554e-06,3.553868417133126e-06,3.751247812508393e-06,2.415350340327344e-06,0.0,9
319,0.08543771043771044,0.09099887339874387,0.11760015117157975,0.09512411347517731,0.0,3
320,0.0006178288388806944,0.0008250433915282086,0.001246681755829904,0.0006399316997605972,0.0,6
321,0.027787382597908916,0.031800420311497726,0.052863919413919415,0.030500728862973767,0.0,4
322,8.626829165211498e-08,1.4379527489768577e-07,1.228478815792222e-07,8.716154044201863e-08,0.0,11
323,3.010510474929937e-09,4.529341459925071e-09,4.013030798254593e-09,3.063448912978169e-09,0.0,13
324,9.553206048799614e-09,1.6386751750563203e-08,1.3137898446666824e-08,9.691892296721427e-09,0.0,12
325,3.479398868215943e-07,4.898036932115601e-07,5.317558302643477e-07,3.6073887982757257e-07,0.0,10
326,2.029835502316104e-06,2.9798120578940317e-06,3.2611881828667895e-06,2.0998111511304445e-06,0.0,9
327,0.1139285714285714,0.1200893150444011,0.17031746031746028,0.11324299223235393,0.0,3
328,7.468776067039856e-08,9.318208081017029e-08,1.0880812368445397e-07,7.720022153435936e-08,0.0,11
329,3.062228760975695e-08,5.032162978517627e-08,4.496232465799534e-08,3.190112380177882e-08,0.0,11
330,2.2074628705556496e-07,3.307515032500417e-07,3.442440637659524e-07,2.3353240506735465e-07,0.0,10
331,9.986282450335945e-05,0.00012052947448987827,0.00019460634401416297,0.00010940094889552885,0.0,7
332,0.006675411890824077,0.007835727880463644,0.014553206447187928,0.006659941933458883,0.0,5
333,0.13859217171717172,0.1473876065639675,0.23520030234315945,0.1339502822405558,1.0,3
334,0.000632846500365375,0.0007409429440107845,0.0012925859910836762,0.0006804783363845468,0.0,6
335,2.2276429019443145e-05,2.6434240099443855e-05,3.8294155972158715e-05,2.31825607903203e-05,0.0,8
336,0.003977320937180128,0.0044626446603806885,0.00741385596707819,0.004324331450094162,0.0,5
337,1.5366538237292075e-05,1.832591594205982e-05,2.6762393094179104e-05,1.62014487341443e-05,0.0,8
338,0.020915900662727516,0.024200763655272885,0.035588342830009494,0.02311451247165533,0.0,4
339,2.775264321785552e-06,4.024794841279345e-06,4.625880855109034e-06,2.978508340729982e-06,0.0,9
340,5.1800266819786784e-05,7.166615782766264e-05,9.984901996646853e-05,5.613166202755072e-05,0.0,7
341,4.782484976124289e-05,6.811585221669464e-05,9.289324554183814e-05,5.222136647057528e-05,0.0,7
342,1.8692642358288832e-06,2.9416312462238496e-06,3.0249723901618437e-06,1.9477167218053204e-06,0.0,9
343,2.3321453271023266e-07,3.6061524472161777e-07,3.5702665583961464e-07,2.422040127555174e-07,0.0,10
344,4.369512800395961e-08,7.040423866908476e-08,6.29595393093514e-08,4.467028947653455e-08,0.0,11
345,2.890762837485929e-05,4.336843080515837e-05,5.5217922609888475e-05,3.2392383839719155e-05,0.0,7
346,6.241048356167033e-05,7.560155496825654e-05,0.00012075713957129596,6.78854829832687e-05,0.0,7
347,0.000529189568488414,0.0006496841276554822,0.0010466533607681758,0.0005655374360418721,0.0,6
348,6.021484641978312e-05,8.889457080501654e-05,0.00011600436701722299,6.521363880504207e-05,0.0,7
349,1.0386435204491663e-06,1.6476338620975542e-06,1.7261380911692756e-06,1.111424367128071e-06,0.0,9
350,2.3922738616248515e-08,3.9092157349065716e-08,3.5195918072447165e-08,2.497178133663834e-08,0.0,11
351,0.03845847451676648,0.03939039925784576,0.07795299145299146,0.04066763848396502,0.0,4
352,0.003435029286441461,0.0040533515544973475,0.0062559409571909565,0.003570696370484506,1.0,5
353,2.2768032292139496e-05,3.079923663126005e-05,3.9702762620874186e-05,2.4035304725641323e-05,0.0,8
354,0.011875551738709635,0.012852576067811275,0.017334084718700106,0.014212617739403455,0.0,4
355,9.213098412027999e-07,1.3803838347299234e-06,1.553437497834592e-06,1.0002260518648803e-06,0.0,9
356,6.533658020691786e-05,8.863858833011808e-05,0.00012673761269975264,7.124749791865927e-05,0.0,7
357,0.010959858077290902,0.012598747269322,0.0157398080314747,0.013335295656724228,0.0,4
358,0.005108023494406474,0.005471002637794465,0.010214389363722697,0.005919142401854267,0.0,5
359,1.2638128208868973e-06,1.8857620912029125e-06,2.0958388588103573e-06,1.3494669917618356e-06,0.0,9
360,0.020080836707152497,0.024120173143710615,0.037083519614288844,0.023983479105928088,0.0,4
361,8.677993785729457e-05,0.00012074553467054179,0.00016099980601626694,9.050851676702692e-05,1.0,7
362,0.09642322954822954,0.1050870912823699,0.13962713873428156,0.10397765650425227,1.0,3
363,0.0007246822087093108,0.0009864300095893466,0.0014295627572016463,0.0007338059780312633,1.0,6
364,5.190700294992308e-06,6.389220901565324e-06,8.584857540843925e-06,5.5276109762190624e-06,1.0,9
365,7.959228651159977e-05,0.00011066737310429489,0.00014926276636198905,8.391035943609736e-05,1.0,7
366,0.0901783633033633,0.10031840534451292,0.12838323713323715,0.10020289009650711,1.0,3
367,0.003657131139831435,0.004494071146241938,0.006699325476992144,0.0038822233635792953,1.0,5
368,5.440361105714874e-06,7.398008729590025e-06,8.80499655720955e-06,5.66935390408564e-06,0.0,9
369,0.008113807042237721,0.008527356043042549,0.019279388535561374,0.008822771024748426,1.0,5
370,0.00010757246026397871,0.0001323938763384216,0.00019621092497910058,0.0001103029887598156,1.0,7
371,8.921052210262407e-09,1.3296902070611909e-08,1.2576551876672877e-08,9.277784171316058e-09,0.0,12
372,6.669320199680108e-08,9.983896442286902e-08,9.797118555942972e-08,6.951132850250986e-08,0.0,11
373,0.0001556993599370705,0.00021475566766165612,0.000292441698928009,0.00016440059814810734,0.0,7
374,0.00486742454848016,0.005692541806846918,0.009414942760942761,0.004941568224619072,1.0,5
375,0.010207810902547748,0.011809684192645005,0.014474464637926175,0.012633437990580849,0.0,4
376,1.25592553709326e-05,1.463064498099514e-05,2.263359519147722e-05,1.3701952245961548e-05,0.0,8
377,0.014335008372807418,0.017311819794956884,0.02173959130003086,0.016697255264518904,0.0,4
378,7.039565576119115e-05,8.388960256449569e-05,0.00014343048503394183,8.063165280016362e-05,0.0,7
379,0.0020421103750051114,0.002505233265659825,0.003325994301994302,0.0023928825976283602,0.0,5
380,0.0014084627220648726,0.0017162847397798882,0.0021842122507122505,0.0016974011299435026,0.0,5
381,3.9979262396572845e-09,5.804665545718502e-09,5.864011571769064e-09,4.3259101758952105e-09,0.0,12
382,0.06514189514189514,0.07163122941594591,0.0849442736496308,0.08205761437144415,0.0,3
383,1.0036624902181257e-05,1.3163030504614211e-05,1.8364625279917462e-05,1.1117598263627161e-05,0.0,8
384,1.8372214668641298e-05,2.311519447121024e-05,3.3391662377920816e-05,2.021468350232874e-05,0.0,8
385,1.3965355421218561e-06,1.9959190118371932e-06,2.3680701018840937e-06,1.5247510194961177e-06,0.0,9
386,7.66139877772424e-09,1.0568063250565256e-08,1.1144759816867043e-08,8.221544127196996e-09,0.0,12
387,6.158816906910114e-07,8.090181147401622e-07,9.764526260830118e-07,6.624176106593296e-07,0.0,10
388,0.004152884921423132,0.005170497598753111,0.008438217047013344,0.004600700032338451,0.0,5
389,6.579205161997072e-05,8.805755038439129e-05,0.0001295978389785797,7.285541810515042e-05,0.0,7
390,0.002425107655502392,0.003209077140003776,0.0040739936507936505,0.0026950573042776433,0.0,5
391,2.4234827186546944e-07,3.5861756165571236e-07,3.814257493810226e-07,2.587561616403922e-07,0.0,10
392,5.574063809248179e-06,8.488564634054934e-06,9.98554308184728e-06,6.0450597132259314e-06,0.0,8
393,6.631297861390399e-06,1.0257641770757748e-05,1.1712626611796981e-05,7.090603554226872e-06,0.0,8
394,9.067080486209762e-11,1.5503194724337722e-10,1.1967749625017033e-10,9.41675553342306e-11,0.0,14
395,4.324782476043905e-09,7.54561786897373e-09,6.134178626880502e-09,4.525213741141354e-09,0.0,12
396,0.005784159926901862,0.006270044976235621,0.012637555555555553,0.005988053986189579,0.0,5
397,0.027650113710201433,0.030859110476135362,0.0520996743996744,0.030500728862973767,0.0,4
398,0.00037522506546950994,0.0005050537382950932,0.0007038842151675485,0.0004070781580059147,0.0,6
399,0.003950563346604402,0.00457607313118931,0.007584460157126823,0.004552121212121211,0.0,5
400,2.062474459145981e-05,2.7724490000104014e-05,3.6144541892703044e-05,2.1881224912622925e-05,0.0,8
401,0.0007154345846693199,0.0009098208110116354,0.0015065502210028958,0.0007733242579292432,0.0,6
402,0.09986796536796538,0.10810026905777938,0.1577620065120065,0.11603051204115035,1.0,3
403,0.004057203785859699,0.0043445705158483405,0.007672510446343779,0.004542724177893669,0.0,5
404,9.121218693367943e-10,1.326663887818426e-09,1.2692298246097032e-09,9.688988004306348e-10,0.0,13
405,0.10116522366522367,0.10794431835856774,0.1474057067271353,0.1064484126984127,0.0,3
406,4.398105020244429e-08,6.560769661351259e-08,6.630596285275463e-08,4.704460336184453e-08,0.0,11
407,0.013941945773524719,0.015883342810995023,0.020962148962148965,0.01564139941690962,0.0,4
408,1.3149536384175854e-05,1.833779097971817e-05,2.3385363477789636e-05,1.4157058607630495e-05,0.0,8
409,1.4387750839508938e-05,2.1401418406069815e-05,2.5425038370675203e-05,1.539183937238185e-05,0.0,8
410,0.00018154736138755194,0.00019445319151202822,0.0003346998983894732,0.0001881566948114528,0.0,7
411,2.265447686594805e-05,2.7771765562298876e-05,3.9266468526139306e-05,2.3771180497887026e-05,0.0,8
412,0.17787608225108223,0.1843829176173375,0.35861287477954146,0.16306990881458966,1.0,3
413,3.6443649105148666e-07,4.85976605896717e-07,5.612487234669512e-07,3.8074662144742926e-07,0.0,10
414,0.0009489608302139285,0.0010771397844936792,0.0019352759487882944,0.0009933925972867672,0.0,6
415,5.117968932359661e-07,7.169636088608447e-07,7.854586428471521e-07,5.328488280621384e-07,0.0,10
416,0.019695681270913472,0.021730295589101722,0.031617908017908015,0.020855199222546163,0.0,4
417,0.02331271258684712,0.02793209591165852,0.03919173207744636,0.023515301164197457,0.0,4
418,0.0024427873394360844,0.003188498310795679,0.004180725925925925,0.0026875517890772127,0.0,5
419,7.334766938733304e-09,1.1159439372036857e-08,1.0427448936362175e-08,7.692380362890128e-09,0.0,12
420,8.285502107396533e-08,1.2613504892605577e-07,1.215912501239014e-07,8.626995051791382e-08,0.0,11
421,0.00015313083793884761,0.0002287748327607335,0.0002868993255926955,0.00016128486774842193,0.0,7
422,0.0004427318016768997,0.0005717559250957353,0.0008498131613756614,0.000470315800591466,0.0,6
423,3.1456409808558815e-07,4.779575862103271e-07,4.870981182106764e-07,3.304434470273433e-07,0.0,10
424,5.35757570116638e-08,7.173809159287254e-08,8.019772954952154e-08,5.6900921347844945e-08,0.0,11
425,8.483300151768778e-09,1.237037997368238e-08,1.2009916022888714e-08,8.859774115245773e-09,0.0,12
426,9.394603487693032e-09,1.4809888867075107e-08,1.3283119145568373e-08,9.799022320501259e-09,0.0,12
427,2.1041534340415774e-06,2.870881158091669e-06,3.4883582705888335e-06,2.246081239409344e-06,0.0,9
428,0.004186772247972965,0.004799137687610302,0.008175995061728393,0.004724433145009416,0.0,5
429,0.003253672884028655,0.004404398617282331,0.005848512345679012,0.003478624537908907,0.0,5
430,4.6797513748591885e-05,6.646792107969656e-05,9.050291358024692e-05,5.087760460043625e-05,0.0,7
431,2.2518344102776e-07,3.085446213141303e-07,3.569044347329414e-07,2.421210989394326e-07,0.0,10
432,0.09977904040404041,0.10932108646004379,0.14395880574452002,0.10483065566652193,0.0,3
433,6.988932701299503e-09,1.1076911460276316e-08,9.864684890811545e-09,7.277226558795402e-09,0.0,12
434,0.07518518518518519,0.08072377752198141,0.1003656462585034,0.08832953394123606,0.0,3
435,3.271357776600453e-07,4.616275950979166e-07,5.215601310816325e-07,3.538221994774894e-07,0.0,10
436,0.0005325614233175363,0.000622902960522752,0.001081550280583614,0.0006111804483363419,0.0,6
437,0.0006629819043408269,0.0008144319024434163,0.001416426234567901,0.0007293105900577385,0.0,6
438,3.668176999214788e-07,5.121726397681461e-07,5.754335170749717e-07,3.903694713825185e-07,0.0,10
439,0.0006203086664869099,0.000764877710839557,0.0013104910680882904,0.0006932994072537799,0.0,6
440,0.002559538771034244,0.0032487650391552934,0.004370062169312169,0.0027734322033898307,0.0,5
441,0.000772344244918319,0.0009951115573943949,0.0016137316529492456,0.0008283413427686242,0.0,6
442,0.00010737500867918776,0.0001388666711815854,0.00020474658588629782,0.00011510144179806748,0.0,7
443,0.00011720796068269598,0.00016271656783956455,0.0002219256658664838,0.00012475892578454916,0.0,7
444,2.26012745057217e-05,2.9951131051408723e-05,3.935372734508629e-05,2.3824005343437885e-05,0.0,8
445,3.866105297898491e-07,5.707435698716667e-07,6.071224993719303e-07,4.1186702218698786e-07,0.0,10
446,0.021727442258750652,0.025275031795846906,0.03618994082840237,0.024063691410630188,1.0,4
447,2.3479747686759846e-05,3.368976629651734e-05,4.143675197174359e-05,2.508502922056226e-05,0.0,8
448,6.467396297597285e-09,9.990002075674239e-09,9.216741064123186e-09,6.7992352112384165e-09,0.0,12
449,0.021727442258750652,0.026787338901570784,0.03618994082840237,0.024063691410630188,1.0,4
450,6.623695123618208e-13,9.990855661196886e-13,8.163735391117872e-13,6.911019078795838e-13,0.0,17
451,3.3219105246537383e-12,5.465446204976214e-12,4.193759717273728e-12,3.473359275042658e-12,0.0,16
452,0.0006203086664869099,0.0007356336392136287,0.0013104910680882904,0.0006932994072537799,0.0,6
453,0.00040870464520478394,0.0005537739626473848,0.0007792567534051074,0.00044973467482409886,0.0,6
454,1.2497168635025685e-05,1.6271668931205584e-05,2.2478778345872997e-05,1.3608229043465715e-05,0.0,8
455,0.07128885003885002,0.0794560952143343,0.09420914931629217,0.08585877774707562,0.0,3
456,0.0005593558430471246,0.0007299251897862136,0.001111351375898907,0.0006028040153684429,0.0,6
457,0.08543771043771044,0.09253776385430176,0.11760015117157975,0.09512411347517731,0.0,3
458,0.09239478114478115,0.09968902082049327,0.13027258125472413,0.09997738457084962,0.0,3
459,1.319653265883611e-06,1.5333424954689345e-06,2.0692190053500243e-06,1.4037415362927303e-06,0.0,10
460,0.00016554698420885792,0.00023069728735469107,0.0003058213844998786,0.0001719221941418116,0.0,7
461,0.13950757575757575,0.14778335398200754,0.2270899470899471,0.12985196442643251,1.0,3
462,0.005172292200738857,0.006838809760280264,0.010803593964334708,0.005461545302364511,0.0,5
463,0.0013845785190405348,0.0016323897246104109,0.0028165882030178327,0.0014457772144768344,0.0,6
464,0.01008021407189756,0.012273907235002535,0.022437982014936745,0.010268229057682918,1.0,5
465,0.028661526261647082,0.033068755890755405,0.05045654761904762,0.028241415613864593,1.0,4
466,0.00507280210709442,0.005755101864719083,0.009772082561728394,0.005088274220548232,1.0,5
467,0.02365819069606985,0.027996495240054847,0.040184275793650796,0.024005203271784906,1.0,4
468,1.340817668609283e-09,2.2030791774338784e-09,1.8469257636324215e-09,1.4098976577533274e-09,0.0,13
469,0.011884543137174719,0.013797592626614112,0.017349831525312297,0.014212617739403455,0.0,4
470,0.018806606221546802,0.021219611609162293,0.03286673476096553,0.020754933841668537,0.0,4
471,9.003622948081367e-06,1.4435456582817873e-05,1.58296447192271e-05,9.582968776213716e-06,0.0,8
472,4.9619614467208845e-05,7.602643983192791e-05,9.528950695445895e-05,5.356846167279221e-05,0.0,7
473,3.3692417057209326e-05,5.13575988528499e-05,6.570285766225783e-05,3.772028282318123e-05,0.0,7
474,3.3692417057209326e-05,5.2472348835862724e-05,6.570285766225783e-05,3.772028282318123e-05,0.0,7
475,0.00027410096585580993,0.00040178429478425893,0.0004915669927851641,0.00030969358324396353,0.0,6
476,0.002316992007624762,0.0025415491008428485,0.004110756355467893,0.002793430113997259,0.0,5
477,0.0020923726990449824,0.0029453998669500218,0.0034741304605887943,0.0023575015693659764,0.0,5
478,0.0021094445290141903,0.0025840134668733447,0.004260750870528649,0.002187077443047025,0.0,6
479,1.4602732499408706e-09,2.0394265624916506e-09,2.0013704878474825e-09,1.5277969578827021e-09,0.0,13
480,4.163121244079563e-05,5.9184276001274266e-05,7.284992679265504e-05,4.410197361887189e-05,0.0,8
481,0.00020448001325047883,0.00023989675602319597,0.000387314089550139,0.0002177345714603696,0.0,7
482,0.0008042176578925589,0.0009732469929389695,0.0017462658911047801,0.0008976130339172166,0.0,6
483,2.58654453621465e-07,4.06284551757856e-07,4.1046548432657633e-07,2.784564843421497e-07,0.0,10
484,2.58654453621465e-07,4.132471889849164e-07,4.1046548432657633e-07,2.784564843421497e-07,0.0,10
485,2.2511867256982403e-06,3.4619919838278314e-06,3.771370903000594e-06,2.4283071791975205e-06,0.0,9
486,3.084332286065565e-07,4.7165329909023497e-07,4.838464220516266e-07,3.2823752249733464e-07,0.0,10
487,0.00013074894809898965,0.00018532927779835642,0.00025314646375826073,0.00014231017742507817,0.0,7
488,0.005840609965884503,0.0065174627497067775,0.012303325735992401,0.006397896566710125,0.0,5
489,7.682375722670886e-05,0.00011417353467477324,0.00014335377398431813,8.05885285039742e-05,0.0,7
490,0.00027970016525595066,0.0003769515105252284,0.0005016348593964335,0.00031097507393324886,0.0,6
491,0.00027970016525595066,0.0003888129275309881,0.0005016348593964335,0.00031097507393324886,0.0,6
492,0.0021381234419901745,0.0028178339883954606,0.0035269907407407403,0.002381076585059636,0.0,5
493,0.00032954744050676254,0.00042735297689455574,0.0006077251586076817,0.00035786814063746897,0.0,6
494,5.9987129835576925e-06,8.301177315257494e-06,1.0658041457094954e-05,6.452177563712192e-06,0.0,8
495,0.07982323232323232,0.0879154285426717,0.10796910430839003,0.09134934706743217,0.0,3
496,0.005588251675146835,0.005682622222164573,0.011220135802469135,0.005658003766478343,0.0,5
497,0.019580609674314523,0.020423437510286507,0.03167249694749694,0.02052933673469388,0.0,4
498,6.075395406674125e-05,9.321842267733543e-05,0.0001140597419092618,6.412043789664032e-05,0.0,7
499,0.09986796536796537,0.1070294307675093,0.1577620065120065,0.11603051204115035,0.0,3
500,7.710002407923084e-06,1.1646221383440061e-05,1.3416043413097598e-05,8.121820003444733e-06,0.0,8
501,0.01497721474123873,0.017411846648865886,0.02267942570546737,0.016618986880466473,0.0,4
502,0.011785351490614653,0.014559963400977675,0.017397071945148872,0.013836622561112356,0.0,4
503,0.00011502867389251283,0.00018287284895764506,0.00020983668365820476,0.0001179629185348028,0.0,7
504,0.00020447508753359574,0.00028921185934546734,0.00037604395784292147,0.00021139889361187434,0.0,7
505,0.02077893485943022,0.023688846791157587,0.0339120987654321,0.02224554583738257,1.0,4
506,0.02077893485943022,0.02433277111356827,0.0339120987654321,0.02224554583738257,1.0,4
507,0.0004127147525092341,0.0006073200180115596,0.0007862595164609054,0.00044425010561892695,0.0,6
508,0.10697150072150072,0.1164836366233116,0.15764503023431592,0.1094682258246088,0.0,3
509,7.94920071275635e-06,1.2250554917666008e-05,1.4023738759335467e-05,8.489707320673938e-06,0.0,8
510,1.4341941108606736e-06,2.189595120856857e-06,2.3414449750771964e-06,1.507607654858926e-06,0.0,9
511,1.2679455284488374e-06,2.084461295105826e-06,2.0882452397566965e-06,1.3445776186032784e-06,0.0,9
512,0.0007154777580416515,0.0009676253195828309,0.0015145637860082307,0.0007774376848331221,0.0,6
513,0.001037804260946685,0.0011761624611717517,0.002073509945130316,0.0010643492113786791,0.0,6
514,0.0006187786668245478,0.0008188224912942608,0.0012761299560778729,0.0006695619342165604,0.0,6
515,5.23907778381151e-06,8.37114500470873e-06,9.392309138303651e-06,5.685927056820596e-06,0.0,8
516,0.01503957153957154,0.019087801876017843,0.023195046139757678,0.016919783023099353,0.0,4
517,9.72253390205265e-07,1.533559989030215e-06,1.6013431608950585e-06,1.031071510592208e-06,0.0,9
518,0.0022989224081313153,0.003083209730941065,0.0039040182811016146,0.002551801149258776,0.0,5
519,0.003570633471882469,0.004560204982714727,0.006693003086419753,0.0038663025737602002,0.0,5
520,8.666593111094583e-05,0.00010872636478149493,0.00016209256488063073,9.112282796680312e-05,0.0,7
521,0.0005578853450464634,0.000825402192334054,0.0011335637637503956,0.0006110812083166329,0.0,6
522,0.06590909090909092,0.07052994540462626,0.08515873015873016,0.08153495440729483,1.0,3
523,0.0020539927789886307,0.002464108212349863,0.0033707373737373735,0.0023311710323574734,0.0,5
524,0.00030258803766837017,0.00044441806911649,0.0005483210305212621,0.0003331875792141952,0.0,6
525,0.07518518518518519,0.08250153498222645,0.1003656462585034,0.08832953394123606,0.0,3
526,0.0020539927789886307,0.0023129939893753834,0.0033707373737373735,0.0023311710323574734,0.0,5
527,0.015336454658224995,0.017724984922946434,0.02338589743589744,0.01709381507705123,0.0,4
528,1.6899269927547944e-07,2.8299383136836864e-07,2.6458067187717345e-07,1.7948940051969052e-07,0.0,10
529,8.260479656840304e-06,1.2305656439728136e-05,1.485077976309115e-05,8.990382367790605e-06,0.0,8
530,0.014444121463132564,0.016103025539044136,0.02182564657564658,0.016403155882018856,0.0,4
531,5.7345743261057865e-05,9.086544163320207e-05,0.00010938516232281666,6.149255109759769e-05,0.0,7
532,0.08543771043771044,0.09105397448646092,0.11760015117157975,0.09512411347517731,0.0,3
533,0.014946912608205085,0.017194895883404,0.02269989655406322,0.01651036605118238,0.0,4
534,5.641824247125733e-06,8.99091955840883e-06,1.0068325263112645e-05,6.0951744866376994e-06,0.0,8
535,2.040024977820761e-07,3.148868183236913e-07,3.170217304605635e-07,2.1506499302601042e-07,0.0,10
536,0.018806606221546805,0.020986732852512555,0.03286673476096553,0.020754933841668537,0.0,4
537,0.0004592672440851519,0.0005562917797239948,0.0009457045552719745,0.0005042903175428525,0.0,6
538,0.0031765200860966987,0.0035493401936281333,0.006085300925925926,0.0034682475010864846,0.0,5
539,1.735180812161113e-07,2.657817671008726e-07,2.6899208994615945e-07,1.8248207106900266e-07,0.0,10
540,0.0004592672440851519,0.0005584908023734921,0.0009457045552719745,0.0005042903175428525,0.0,6
541,0.0004952659618547422,0.0005918489786869499,0.0010395822436506197,0.0005336258665126756,0.0,6
542,6.49179750444527e-05,8.647914254183848e-05,0.00012596470672586533,7.081299693988264e-05,0.0,7
543,0.00016438707648974043,0.0001863478948157798,0.00031466282470650947,0.0001768925457154381,0.0,7
544,7.149324123477042e-06,1.0491309673312145e-05,1.251512443825544e-05,7.576420624055984e-06,0.0,8
545,6.515808774829477e-06,9.897064508689201e-06,1.148341167094406e-05,6.951841146087211e-06,0.0,8
546,0.002394218098045849,0.0027280961950062587,0.004060394059644059,0.0026246340523882897,0.0,5
547,1.537845109736718e-08,2.606076966475851e-08,2.2784812170905925e-08,1.6166003857522833e-08,0.0,11
548,6.43283426301591e-05,9.536543210178296e-05,0.0001202034750800183,6.757423197538209e-05,0.0,7
549,0.04387474861977035,0.04828778212892315,0.10798372634310135,0.04616385244574021,1.0,4
550,0.0004039124288682863,0.0006094095484521881,0.0007710957985451621,0.0004410068267139455,0.0,6
551,8.815066660668752e-05,0.00012891408214436598,0.00016792528206691445,9.440177962714704e-05,0.0,7
552,1.2881060264687983e-06,2.0306474605523064e-06,2.10763608841158e-06,1.3570629822045947e-06,0.0,9
553,0.00827694179658012,0.009913633612185568,0.019318415637860083,0.008840630885122411,1.0,5
554,0.0003227804602920736,0.0004939120550653233,0.0005958059438311176,0.0003559696359126017,0.0,6
555,5.998405524547039e-05,9.452633967943116e-05,0.00011506657443557308,6.468644428412644e-05,0.0,7
556,8.815066660668752e-05,0.0001342709598609932,0.00016792528206691445,9.440177962714704e-05,0.0,7
557,0.03836825310433801,0.04389626046230506,0.07623973889358504,0.04171039844509233,0.0,4
558,0.010207810902547748,0.012213239596896287,0.014474464637926175,0.012633437990580849,0.0,4
559,0.0024844414559799174,0.00280392938399205,0.004440501297879075,0.002727447969481868,1.0,5
560,0.013039158900642153,0.016155471635698224,0.019450455527378608,0.015340603274276745,0.0,4
561,0.07783549783549784,0.08460429999723834,0.10790411748745081,0.09338191359467955,1.0,3
562,5.252882669323788e-05,6.440462266671442e-05,0.00010581940609002338,5.9488006398020274e-05,0.0,7
563,0.012403068551675365,0.013812377608044345,0.01864757834757835,0.014759064065186515,1.0,4
564,2.3216780225503674e-05,3.256605001638757e-05,4.31135260612768e-05,2.7168306599333105e-05,0.0,7
565,0.0020248772464095044,0.002399502335349656,0.003425346153846154,0.0022958438360133277,0.0,5
566,0.0028336107391426536,0.0034363684204591115,0.005281238746438746,0.0030727312762567,0.0,5
567,1.644025805386645e-05,2.2427759757295346e-05,2.946541153364747e-05,1.783780518853098e-05,0.0,8
568,1.5283375560396044e-06,2.3162309868108493e-06,2.6087335857490413e-06,1.679709224528397e-06,0.0,9
569,1.84697298063996e-08,2.743037965768954e-08,2.8113265207552778e-08,1.994658329346196e-08,0.0,11
570,0.016453544192084092,0.018885642247270622,0.027442274819197903,0.019371271585557303,1.0,4
571,1.5154809215592786e-06,2.0786525639198203e-06,2.5587458763215144e-06,1.6475231795074935e-06,0.0,9
572,0.0004455756200300882,0.0005657521639654258,0.0009310406394428618,0.00048981421901574,1.0,6
573,5.32756679909957e-05,7.61921176616824e-05,0.00010524276564313603,5.916383910336916e-05,0.0,7
574,0.00047956119715689117,0.0006682362932527328,0.0010109420468268205,0.0005189246247970372,0.0,6
575,9.474041159350225e-05,0.00012288226568230647,0.0001781230572262671,0.00010013461575182773,0.0,7
576,0.0020391586058459508,0.002581867931713386,0.0034292183285849947,0.002328486165435318,0.0,5
577,0.00026493669103799913,0.00034008305795117546,0.00048329326210826216,0.00030072314841896595,0.0,6
578,9.788324888465805e-08,1.4092091212868577e-07,1.572972625251495e-07,1.0670919819545319e-07,0.0,10
579,3.2509945998454244e-05,4.321704804980392e-05,6.436879205765905e-05,3.656077830938827e-05,0.0,7
580,3.550241050060872e-06,5.086307953610051e-06,6.572602731759934e-06,3.978929904877089e-06,0.0,8
581,3.5264535891493e-05,4.8008149558240756e-05,6.996047725682843e-05,3.932935812474888e-05,0.0,7
582,0.07981879400061218,0.08807599124873641,0.10795502383051987,0.09134934706743217,0.0,3
583,5.5837519309194895e-06,7.886376423409115e-06,1.0269691768374896e-05,6.217077976370453e-06,0.0,8
584,0.023530788795744356,0.025332843836716266,0.041034078457155385,0.026670591313448455,1.0,4
585,0.00033038590538959336,0.000403680235487599,0.0006279059681333757,0.0003705881222940792,1.0,6
586,0.00023099678344115255,0.0003121066983217901,0.00040537713840086537,0.0002653160353001925,0.0,6
587,3.704465751954006e-05,5.1454901701309443e-05,7.273851312534441e-05,4.089107370817993e-05,0.0,7
588,0.0021340220235846943,0.00271952052292783,0.003528922582304526,0.002369289077212806,0.0,5
589,0.002739249672072253,0.0033057314853885693,0.005048602564102563,0.003117342459800087,0.0,5
590,0.031931424679052765,0.03749672467882189,0.061962634231865,0.031750703944581495,1.0,4
591,0.005241379657260551,0.006044770248140121,0.010218125672681226,0.005984427060698247,0.0,5
592,0.0005102357336675058,0.0006113754554455901,0.0010574408978675646,0.0005573319506855629,0.0,6
593,0.004810170740939972,0.005567988799435571,0.009971868945868944,0.004968887923125211,1.0,5
594,0.0007139049345449153,0.0008845106144142785,0.001471208344569113,0.0007551829905582899,0.0,6
595,0.004057203785859699,0.0045039366620288415,0.007672510446343779,0.004542724177893669,0.0,5
596,7.784715608536834e-06,1.1075247447274247e-05,1.3946068821591455e-05,8.44268740320559e-06,0.0,8
597,8.637781527624869e-09,1.3365033363193492e-08,1.3083481115822638e-08,9.282832994264987e-09,0.0,11
598,0.01961948057775222,0.023248459836908354,0.03169995683329017,0.021487174956562716,0.0,4
599,0.000687948716071017,0.0008173512155358051,0.0014868245225282263,0.0007631988993966181,0.0,6
600,0.00058089610327363,0.0007655976056899027,0.0012582150150803704,0.0006518199555377418,0.0,6
601,1.1865020331255297e-06,1.892002599129242e-06,2.009271601598625e-06,1.2937281377542817e-06,0.0,9
602,1.3191798251999145e-07,2.025950651407508e-07,2.0994837959561143e-07,1.4242729269049018e-07,0.0,10
603,4.9449040111444345e-05,6.98122579169968e-05,9.598665775620508e-05,5.3960375716605477e-05,0.0,7
604,0.0027582447418106034,0.0034538662529195784,0.004750161853321574,0.0029552966101694914,0.0,5
605,1.4277420814739599e-08,2.2400147664180358e-08,2.158106535050375e-08,1.5311935998804616e-08,0.0,11
606,1.8281656337693614e-06,2.7878698413885833e-06,3.0549129452877058e-06,1.966994821687632e-06,0.0,9
607,0.0026529185797367614,0.0029946016835466606,0.00475039138047138,0.003039891114535182,0.0,5
608,0.062388306138306156,0.06793308381058175,0.07973953823953825,0.07906419821313439,0.0,3
609,0.018334742195707722,0.02037501048058132,0.030814358974358972,0.020902597402597402,0.0,4
610,0.10869366744366743,0.11827951934271827,0.1739302549302549,0.1198316754167818,0.0,3
611,1.9046106721308014e-11,3.0368144765707776e-11,2.553142434487183e-11,2.0089255625232203e-11,0.0,14
612,4.15764261829799e-08,6.167377181327394e-08,6.19748662893087e-08,4.397165620622237e-08,0.0,11
613,4.571555655869689e-06,6.619179088083492e-06,8.312409337225798e-06,5.032176056168084e-06,0.0,8
614,5.163345520600191e-08,8.12740344404721e-08,8.338845145096125e-08,5.6570055004420953e-08,0.0,10
615,4.847330903235873e-07,7.327431768838019e-07,8.262616892288223e-07,5.32012693382628e-07,0.0,9
616,0.01394996777328001,0.017538811192080523,0.021121716602485834,0.016042460940420125,1.0,4
617,6.293474446796981e-07,9.427232690717272e-07,1.0599932837004993e-06,6.825075992030241e-07,0.0,9
618,7.59815788165391e-06,1.123761206927488e-05,1.3728161496254088e-05,8.310770412530502e-06,0.0,8
619,1.5693119348470853e-06,2.3453424576547492e-06,2.6302492917355473e-06,1.6935627395117593e-06,0.0,9
620,3.342297714719326e-05,4.589091363591209e-05,6.578552267751979e-05,3.7174490949533916e-05,0.0,7
621,5.62301657208077e-08,9.34051303793217e-08,9.03549803567889e-08,6.129609220184172e-08,0.0,10
622,0.0017795027143069192,0.0023345610876790187,0.0028832204613801833,0.002053746559466898,0.0,5
623,1.0098283780779509e-08,1.6477642196367402e-08,1.53139697680816e-08,1.0865382276923637e-08,0.0,11
624,8.608088824997183e-10,1.5217527434830314e-09,1.247838866557863e-09,9.205368687721941e-10,0.0,12
625,2.0146837001639732e-07,2.908883238160556e-07,3.238386464115e-07,2.196895339977513e-07,0.0,10
626,3.019347662429018e-05,4.335558844215976e-05,5.9315272772316253e-05,3.418972609708283e-05,0.0,7
627,0.010442174547959098,0.012176988530524452,0.014834690494690494,0.012607915893630181,0.0,4
628,7.544268204919959e-10,1.2674191382634646e-09,1.094000365542778e-09,8.070494499905739e-10,0.0,12
629,0.07128885003885002,0.07729696890445586,0.09420914931629217,0.08585877774707562,0.0,3
630,5.249975170836147e-06,7.206624437297024e-06,9.435459103716991e-06,5.7120492331919e-06,0.0,8
631,1.8189767965304245e-05,2.196654840191211e-05,3.382957288405848e-05,2.047978627510267e-05,0.0,8
632,0.0002869038958712344,0.00040247383998528107,0.0005286377114769091,0.0003227458032274256,0.0,6
633,0.006236145790273137,0.0068228288673312515,0.014336472222222224,0.007166804770872568,0.0,5
634,0.0021100776333069413,0.002588739350582288,0.003505695323606435,0.0024003652342635393,0.0,5
635,1.4968986545772905e-05,2.3312636794980634e-05,2.604340134725137e-05,1.5766184672102847e-05,0.0,8
636,0.014946912608205085,0.017590128235118734,0.02269989655406322,0.01651036605118238,0.0,4
637,1.5074334339740205e-09,2.4168691171012187e-09,2.178434588354298e-09,1.6070419094416954e-09,0.0,12
638,7.688657969134758e-08,1.1913541156356117e-07,1.2161940276343e-07,8.250562499026659e-08,0.0,10
639,9.47597293146904e-06,1.3582202496619382e-05,1.6733556587293213e-05,1.0130179996791856e-05,0.0,8
640,0.016055947549257554,0.018108314258371682,0.024918357568357568,0.018011308419471687,0.0,4
641,1.9445381793556036e-07,2.9263110620908493e-07,3.065335187438855e-07,2.0794987452474644e-07,0.0,10
642,3.13410727372509e-05,3.739012218535648e-05,5.477168943133278e-05,3.315774920730909e-05,0.0,8
643,1.3017638684269978e-06,2.0490586841003718e-06,2.166459516009402e-06,1.3949381621364192e-06,0.0,9
644,2.6712213572637923e-07,4.1752294575027286e-07,4.1843878433292007e-07,2.838655069595186e-07,0.0,10
645,3.5946218210769854e-07,5.165199354278961e-07,5.554732337752813e-07,3.7682857567669837e-07,0.0,10
646,8.450627754487468e-06,1.1801415141953216e-05,1.5152829520984529e-05,9.173237602389737e-06,0.0,8
647,6.925458550164756e-05,9.487402164110805e-05,0.00013214676907835344,7.428833835755145e-05,0.0,7
648,0.0022537727136411343,0.002710309291877805,0.0038477188983855647,0.0025554280747501082,1.0,5
649,0.0017545506345506346,0.001878588466664128,0.0028275027540360874,0.002089109083007388,1.0,5
650,0.012547901771431185,0.013746702103021395,0.01860054788516327,0.015240337893399118,1.0,4
651,3.677412122454766e-09,5.13327005420137e-09,5.313852356934383e-09,3.920055017410611e-09,0.0,12
652,3.3515264207980706e-08,4.7920845516361174e-08,5.096523141875429e-08,3.6160233471978086e-08,0.0,11
653,2.0178040352498128e-07,3.2567118535760163e-07,3.1245369399859575e-07,2.1196607381814283e-07,0.0,10
654,7.079767854293016e-10,9.904432957710008e-10,9.747776474118339e-10,7.441212575936357e-10,0.0,13
655,0.001937103736566102,0.002482210465537614,0.003188812321937322,0.0022033572359843544,0.0,5
656,1.9758864416206577e-06,2.8787455328845286e-06,3.3238897801955878e-06,2.1401834037825326e-06,0.0,9
657,0.0001801855309729424,0.0002426640938747613,0.0003253507392165829,0.00018290092121336752,0.0,7
658,0.003575287315454579,0.004600509124904196,0.0063991423868312745,0.0038191525423728816,0.0,5
659,4.605904640611501e-06,6.396578487160785e-06,8.43322924038315e-06,5.105318150007736e-06,0.0,8
660,3.893947631580055e-05,5.61878329331219e-05,7.741103795153178e-05,4.3517805392146065e-05,0.0,7
661,2.2122525133277255e-06,3.057580369338972e-06,3.696194074369353e-06,2.3799023849278027e-06,0.0,9
662,5.741569155841109e-07,8.585207151080579e-07,9.74792877918426e-07,6.276488323640102e-07,0.0,9
663,4.4110997172002667e-07,6.163161061661895e-07,6.899562272156125e-07,4.680607571563201e-07,0.0,10
664,5.606519384531496e-06,7.32532955164639e-06,8.958572078556227e-06,5.768237983808065e-06,0.0,9
665,0.014699064952934925,0.01544482828285693,0.02249937321937322,0.016684159378036932,1.0,4
666,3.9809755682455205e-10,5.811259338178155e-10,5.530977507002669e-10,4.2222120594996457e-10,0.0,13
667,0.011884543137174719,0.014306883885836896,0.017349831525312297,0.014212617739403455,0.0,4
668,6.408604769564718e-05,8.627386045144849e-05,0.00012968525968772883,7.290456300113251e-05,0.0,7
669,2.2690398397656698e-08,3.756367674831361e-08,3.368165551290905e-08,2.3897400113076894e-08,0.0,11
670,0.0022500404581598603,0.0025848938973793787,0.0037853791495198906,0.0025146683406570415,0.0,5
671,5.9058863040408733e-05,8.238007592277393e-05,0.00011542615748068423,6.488858942251434e-05,0.0,7
672,0.0004000841691974355,0.0005125177194517862,0.0007546813370528648,0.000448996367431095,0.0,6
673,0.023530788795744356,0.02517869523893323,0.041034078457155385,0.026670591313448455,0.0,4
674,2.2893396433754945e-06,3.4164092143758e-06,3.671657192802212e-06,2.364103597909214e-06,0.0,9
675,4.05475486647005e-10,6.912931988862688e-10,5.523980993036988e-10,4.2168710929882186e-10,0.0,13
676,1.6229794987127994e-05,2.228105177990261e-05,2.7864649517067747e-05,1.6868734012574644e-05,0.0,8
677,0.023817731494511687,0.028925507814772572,0.0400027676027676,0.024331065759637192,0.0,4
678,2.9055504845211525e-08,4.7044535273239954e-08,4.308978038613512e-08,3.05725388788393e-08,0.0,11
679,1.5042723337619583e-06,2.2264596152539357e-06,2.4980633680589484e-06,1.6084509762541717e-06,0.0,9
680,3.477066617379341e-06,4.6818636361840685e-06,5.8157629927223995e-06,3.74464866781013e-06,0.0,9
681,0.08944805194805194,0.0959269326162635,0.12679188712522044,0.09965383316447145,1.0,3
682,3.4073266495007903e-10,5.547381528684798e-10,4.664762434624977e-10,3.5609647989416423e-10,0.0,13
683,3.9864874722400476e-11,6.566423784632308e-11,5.268903641657089e-11,4.145806778822605e-11,0.0,14
684,3.986825416246992e-07,6.279356256017334e-07,6.007069459409e-07,4.075147623217161e-07,0.0,10
685,2.543423016757595e-08,4.103240253027456e-08,3.7713709030005936e-08,2.675817386983221e-08,0.0,11
686,0.0006681130886974859,0.000807492070677131,0.0014276474271042174,0.0007328228237987426,0.0,6
687,0.004810170740939972,0.005453745963384743,0.009971868945868944,0.004968887923125211,0.0,5
688,4.391810264349343e-08,5.861871628336135e-08,6.630596285275463e-08,4.704460336184453e-08,0.0,11
689,2.6886365793354754e-09,3.788191569963776e-09,3.631449878335086e-09,2.7721594330048173e-09,0.0,13
690,2.1120956419665818e-07,3.204478159652324e-07,3.3265746669324176e-07,2.256721507717972e-07,0.0,10
691,1.8772308690221253e-07,2.8844656419901097e-07,2.9277198261388886e-07,1.9861415905967334e-07,0.0,10
692,1.3745721834619656e-06,1.9847173266582884e-06,2.276783952831873e-06,1.4659737693114598e-06,0.0,9
693,1.367559614580144e-06,2.0137444597330294e-06,2.2905439973581266e-06,1.474833575405471e-06,0.0,9
694,0.007027010985759153,0.00933177242635358,0.015384483726150394,0.007040356959424757,0.0,5
695,0.0009440995198761572,0.0011306520164138093,0.0018811843850022865,0.0009656269656855842,0.0,6
696,7.311298618899882e-13,1.0684398755284603e-12,9.19818319952444e-13,7.61812718979018e-13,0.0,16
697,1.5241125779558584e-07,2.0584029385236986e-07,2.4589657219564127e-07,1.6681425751965615e-07,0.0,10
698,0.0002662358145261276,0.0003180672061562229,0.00048200933048433053,0.0003041404569237269,0.0,6
699,6.966613733075214e-12,1.0530747841558494e-11,9.025634308335669e-12,7.296171446858176e-12,0.0,15
700,1.339108706383418e-06,1.8965886341067533e-06,2.2928932732528526e-06,1.4763462252263997e-06,0.0,9
701,6.778748255411917e-05,9.11353306173479e-05,0.00013152109457986,7.393660581675652e-05,0.0,7
702,3.028489111292424e-07,4.342805684258957e-07,4.750757920446485e-07,3.222875976182289e-07,0.0,10
703,7.249952788785168e-08,1.0558669262932532e-07,1.0964173430945584e-07,7.779167484450164e-08,0.0,11
704,4.0895429452368015e-08,5.9330839554630816e-08,6.088278996510649e-08,4.319681944490355e-08,0.0,11
705,8.213446716782877e-06,1.1891487288339596e-05,1.4621673994348892e-05,8.851686050390585e-06,0.0,8
706,0.026811721457262253,0.03123719653227334,0.04866393115431577,0.028575633550123346,0.0,4
707,7.983551939011335e-13,1.2401816016936872e-12,1.0022337661285047e-12,8.300709105972278e-13,0.0,16
708,8.798378217174872e-09,1.2911850666762878e-08,1.2397628399575789e-08,9.145791442310006e-09,0.0,12
709,1.3511375461245484e-12,2.248723450240575e-12,1.6875660786594002e-12,1.3976774271105462e-12,0.0,16
710,6.573183821103894e-08,9.547845194710229e-08,9.732150926261653e-08,6.905037804824919e-08,0.0,11
711,0.0009561408721389811,0.0011576850375773682,0.0019109270397336241,0.000980894107848058,0.0,6
712,3.686252003651577e-06,5.975218222347708e-06,5.960041754741954e-06,3.83754675782272e-06,0.0,9
713,1.84442813851518e-08,2.6327850833337498e-08,2.8113265207552778e-08,1.994658329346196e-08,0.0,11
714,3.060188247747637e-08,4.485502311939239e-08,4.598695698896929e-08,3.26281085182128e-08,0.0,11
715,0.00441023348186563,0.0054509946942381225,0.009275549102132434,0.00474179292929293,0.0,5
716,0.0053326695851683625,0.007103704104175496,0.01194831462775907,0.005507980939336871,0.0,5
717,5.41943729411579e-08,8.834984356701223e-08,7.796521609443842e-08,5.531693545162019e-08,0.0,11
718,8.697216996647842e-12,1.549175007635797e-11,1.1059415538565944e-11,8.940246094050315e-12,0.0,15
719,1.6952920378841667e-08,2.596283762288296e-08,2.5376356153523374e-08,1.8004724743421984e-08,0.0,11
720,2.3434230321446096e-12,3.072663246526044e-12,2.9469113870156163e-12,2.4406934800436087e-12,0.0,16
721,1.3185132103054953e-08,2.0627029301362103e-08,1.978264323796177e-08,1.4035941332237566e-08,0.0,11
722,1.0314772576846976e-06,1.418822756329687e-06,1.7365847413816689e-06,1.1181507476304863e-06,0.0,9
723,2.7431509556386764e-14,4.141818269592867e-14,3.2814768047386857e-14,2.8336846608084596e-14,0.0,18
724,9.867073722916176e-07,1.3505350303972077e-06,1.5083656397417588e-06,1.0232631224378767e-06,0.0,10
725,0.01617529682792841,0.018595271211528458,0.024892551892551892,0.017596574344023327,0.0,4
726,0.0033648359630214465,0.003994885085415267,0.005987604938271605,0.0035362523540489643,0.0,5
727,0.02235865707722709,0.024723682471349276,0.037175061050061055,0.023462099125364434,0.0,4
728,4.626172670531367e-05,6.009624493956805e-05,7.674301256105859e-05,4.645877442037179e-05,0.0,8
729,0.004773388327780914,0.005355127991392667,0.008998959567901234,0.004915390772128061,0.0,5
730,5.683242803726659e-05,6.757778963950249e-05,0.00011519807909207087,6.476037164902259e-05,0.0,7
731,3.069166758110977e-08,4.741962827948941e-08,4.6077613117979146e-08,3.2692429756425714e-08,0.0,11
732,3.888620136158984e-05,5.232514982690383e-05,7.618407806543072e-05,4.38415676464457e-05,0.0,7
733,1.4449413742619431e-06,1.945809374617318e-06,2.4207646921256154e-06,1.5586799686977332e-06,0.0,9
734,0.011142987793705499,0.012968655163074043,0.01625574340189725,0.013441290487937721,1.0,4
735,1.4425528174638402e-08,2.3550124467079205e-08,2.1835977300889714e-08,1.5492798037181663e-08,0.0,11
736,0.05680735930735932,0.06088624047403281,0.07151149776149776,0.07526303483750292,1.0,3
737,4.702170058488003e-05,5.870197138414794e-05,9.497626940492791e-05,5.422206640250844e-05,0.0,7
738,0.0003137065232709677,0.00040679040781786257,0.0005693261429928096,0.00035498163855578305,0.0,6
739,0.06514189514189514,0.0714801700924074,0.0849442736496308,0.08205761437144415,0.0,3
740,0.0004520719225190544,0.0005471577666279058,0.0008800026590693258,0.000501019271391895,0.0,6
741,1.1448328029791496e-06,1.7391912084075144e-06,1.9232050225662554e-06,1.2383116599989402e-06,0.0,9
742,3.1229074563980446e-05,4.6133444644317175e-05,5.3390890538105906e-05,3.232183956342734e-05,0.0,8
743,4.5293398276166816e-08,6.76525550333229e-08,6.784443007302629e-08,4.813615798301196e-08,0.0,11
744,9.992768809163534e-07,1.4180590330066568e-06,1.5146738805701906e-06,1.0275425822963603e-06,0.0,10
745,1.0697284482761788e-05,1.5585554278617762e-05,1.870982500322418e-05,1.13265756745976e-05,0.0,8
746,1.1900623120171673e-05,1.9079792783235643e-05,2.071198339840315e-05,1.2538644658226123e-05,0.0,8
747,1.3993157695327854e-06,2.2265251063120037e-06,2.3013314887114617e-06,1.4817794164199395e-06,0.0,9
748,1.9035093395684598e-07,3.0381663207413554e-07,2.942635863565722e-07,1.9962605104591582e-07,0.0,10
749,0.018245090800362976,0.022537901166130497,0.02887208485958486,0.01969657704351582,0.0,4
750,0.0033128299795732877,0.004495396278396199,0.006334164577397911,0.003492729248152977,0.0,5
751,0.0011413267031021323,0.001348618883518859,0.0023374952692483556,0.0011998549861160761,0.0,6
752,1.0007589924885874e-05,1.26654118646181e-05,1.8165176550895803e-05,1.099685575951091e-05,0.0,8
753,4.271364985340019e-08,7.66206214877093e-08,6.317081066613324e-08,4.482018816971231e-08,0.0,11
754,0.004008246090123544,0.004462644660380692,0.007440349794238682,0.004364745762711865,0.0,5
755,0.0005430351127973818,0.0006385354972693654,0.0010741039094650207,0.0005979747453410319,0.0,6
756,8.069207745032688e-05,9.654874680852362e-05,0.00015514261850327696,8.721580873622649e-05,0.0,7
757,6.400903166308118e-05,7.44519594834953e-05,0.00012681830873896718,7.129286243802735e-05,0.0,7
758,0.0008219694736236961,0.001056787927626843,0.0016632235939643347,0.0008537459512744684,0.0,6
759,2.9403147072954257e-06,4.7161230755995295e-06,4.7731319765867355e-06,3.0733202710932077e-06,0.0,9
760,0.0046432574737758645,0.005383345005287202,0.008903029835390945,0.004883396107972378,0.0,5
761,2.6045367163346017e-06,3.701190276307706e-06,4.20453262987584e-06,2.707210993799229e-06,0.0,9
762,0.0038815165996886427,0.005298588091197312,0.00791324762583096,0.004053089236563813,0.0,5
763,2.152187988343485e-07,3.638705960805152e-07,3.31780403692544e-07,2.2507715828388657e-07,0.0,10
764,0.00010946327024889048,0.00014314519025523495,0.00020218840936536413,0.00011366332352782218,0.0,7
765,0.0030484753564242783,0.0034784175999461224,0.005433563695563695,0.0034134550195567145,0.0,5
766,0.003310910212767174,0.003969784489714281,0.005852635109599395,0.003474909200968523,0.0,5
767,0.0008219694736236961,0.0010275769445299153,0.0016632235939643347,0.0008537459512744684,0.0,6
768,8.777700129009399e-05,0.00012350605855058173,0.00016347672610882489,9.190095548651964e-05,0.0,7
769,4.029887177447007e-10,7.230421233839835e-10,5.546463124580041e-10,4.234033398711602e-10,0.0,13
770,2.531468249328561e-07,3.520815719217867e-07,3.9771204284913473e-07,2.6980465218408634e-07,0.0,10
771,7.557678518049737e-10,1.1435821298643098e-09,1.0519771825091533e-09,8.030534820807152e-10,0.0,13
772,2.389910724267813e-09,4.089965984767788e-09,3.427412281427787e-09,2.528418896135253e-09,0.0,12
773,0.012403068551675365,0.014163189730405545,0.01864757834757835,0.014759064065186515,1.0,4
774,1.887488105993484e-06,3.316531050058263e-06,3.060770879986244e-06,1.9707666238385194e-06,0.0,9
775,0.000512677220810283,0.0007339749533575766,0.0010161343526139308,0.0005429723513120219,0.0,6
776,2.900769293812789e-07,5.616135218341472e-07,4.4318530402607834e-07,3.006533469523647e-07,0.0,10
777,0.0009427860082949489,0.0012604604489965263,0.001841736133094158,0.0009453778629950999,0.0,6
778,1.5003401058528749e-05,2.094717985215318e-05,2.5932718261365727e-05,1.569917921652185e-05,0.0,8
779,0.10529761904761906,0.11827947013084336,0.1599455636955637,0.11150079235185618,0.0,3
780,0.0006581897176148819,0.0009859867920636004,0.0013869631740002111,0.0007119392718252034,0.0,6
781,5.239594780824196e-07,8.993539877609931e-07,8.090458700314516e-07,5.488502133379194e-07,0.0,10
782,0.14573232323232324,0.15173147653971172,0.24880204396573444,0.1369700953667519,0.0,3
783,0.0034826372980200724,0.00395758634463672,0.006401872053872054,0.0038797740112994352,0.0,5
784,0.00019790016386985666,0.0002911296817836315,0.0003540058386971967,0.000199009826037389,0.0,7
785,1.3993157695327854e-06,2.4352210434743793e-06,2.3013314887114617e-06,1.4817794164199395e-06,0.0,9
786,1.5954659418510082e-07,2.701738646905172e-07,2.4915748917782757e-07,1.6902643738194332e-07,0.0,10
787,1.6461113072370056e-08,2.7885640849289112e-08,2.463977510531829e-08,1.7482114682942023e-08,0.0,11
788,0.002657241518964647,0.003535463533130525,0.004533461796982168,0.0029233019460138104,0.0,5
789,2.1276685986094917e-08,3.6780634576513394e-08,3.147403225361293e-08,2.2331074006982894e-08,0.0,11
790,0.062388306138306156,0.06691682337286806,0.07973953823953825,0.07906419821313439,0.0,3
791,0.00044965541004063575,0.000584042352279889,0.0008738886989553657,0.000501019271391895,0.0,6
792,0.0039975253656384675,0.004909239106759922,0.007398590476190475,0.004212326069410815,0.0,5
793,0.0028398350046875084,0.00349661241134357,0.0048881111111111104,0.003074374495560936,0.0,5
794,0.0006352833551859443,0.0007659836241522929,0.001297829561042524,0.0006804783363845468,0.0,6
795,1.6654223897543637e-06,2.6545192981139057e-06,2.7109684937021017e-06,1.7455361525426888e-06,0.0,9
796,0.01938884308159383,0.02237552769960188,0.03154148351648352,0.02111588921282799,0.0,4
797,0.020826125918107053,0.023849391537620068,0.035146872358410824,0.022344856309870886,1.0,4
798,0.08288852813852815,0.09554115922468329,0.11682030932030933,0.09640172672087566,1.0,3
799,0.003883469166025248,0.005029869040035317,0.007314292691435547,0.0041169305271000186,0.0,5
800,0.10746220710506425,0.11827001318313708,0.16657421943136227,0.11408920360288143,1.0,3
801,0.0009639392277142764,0.0012451694726518146,0.00199269811121663,0.00102286785176519,0.0,6
802,0.17722222222222225,0.19385766204568106,0.37557183557183554,0.16585742862338607,1.0,3
803,0.0003527899021968248,0.0004598300942295372,0.0006499417508417508,0.00038985213350232366,0.0,6
804,1.1796000145445723e-06,1.8214389930405495e-06,1.9638028703671136e-06,1.2644517686783483e-06,0.0,9
805,0.002269700456375097,0.002706963972002396,0.0037804282828282827,0.0025571237801746277,0.0,5
806,9.255625844206481e-06,1.3526796894162433e-05,1.644047305597923e-05,9.952752746893256e-06,0.0,8
807,0.022234848484848486,0.026771894455415782,0.03647153229423638,0.02244461013268281,0.0,4
808,0.00020778967103053433,0.00026285767219652253,0.00039873209876543214,0.00022415338092405317,0.0,7
809,0.00010482123744108325,0.00015901842390154204,0.0001920907303842832,0.00010798675800901109,0.0,7
810,6.890070395684184e-07,9.707809176239046e-07,1.0787278267086022e-06,7.318002844505592e-07,0.0,10
811,1.847780206484073e-05,2.8952303891224596e-05,3.128057429227617e-05,1.893667053568288e-05,0.0,8
812,0.0006352833551859443,0.0007952605238213913,0.001297829561042524,0.0006804783363845468,0.0,6
813,1.6654223897543637e-06,2.708970050301065e-06,2.7109684937021017e-06,1.7455361525426888e-06,0.0,9
814,1.1880028381075793e-05,1.8305836001775268e-05,2.071198339840315e-05,1.2538644658226123e-05,0.0,8
815,0.006298520011125238,0.007130761935124006,0.013482414266117968,0.006169918392969241,0.0,5
816,2.0338256308413747e-05,3.1644595567906357e-05,3.4322715345925224e-05,2.077832543363186e-05,0.0,8
817,0.008194873999190912,0.009603043808061026,0.018228658858288487,0.008341928630064223,1.0,5
818,0.00013963965209853941,0.0002078318846404227,0.0002549687425697302,0.00014333459948149616,0.0,7
819,0.0021647144283958087,0.0027283977878100937,0.003570661884411884,0.002483148631029987,0.0,5
820,0.0003623247015760194,0.0005059288927432584,0.0007010648531852237,0.00040213781899459973,0.0,6
821,8.377389832349036e-05,0.00011134731018515751,0.00016374571290620675,9.205217055107995e-05,0.0,7
822,0.0015236139406401,0.002049126323164936,0.0023839349477682817,0.0018207165966488002,0.0,5
823,0.0019276653336758104,0.0024653561072978886,0.003158045670379004,0.0022651798295866095,0.0,5
824,0.00028227084409000036,0.00035575314205511777,0.0005057391381766382,0.000320982905982906,0.0,6
825,0.0012697173426861833,0.0015963502699251233,0.0019330173253463854,0.0015846874454436386,0.0,5
826,0.0002696661594080133,0.0003700554384647116,0.0005092898292221654,0.00030901815367838576,0.0,6
827,9.110015553447162e-06,1.3683095275641717e-05,1.691478644202924e-05,1.0239893137551335e-05,0.0,8
828,6.78294112351103e-10,1.0562018917715672e-09,9.45634693229736e-10,7.218742438530608e-10,0.0,13
829,0.008064632335684965,0.00862319754442492,0.018625963337074447,0.008523745933915425,0.0,5
830,6.008222030450218e-10,8.743447827888484e-10,8.442931330976131e-10,6.445125918165773e-10,0.0,13
831,9.103159117981767e-05,0.00011367714177605195,0.0001742683269826754,9.79676198683095e-05,0.0,7
832,0.0018232034448697103,0.0024988033499606407,0.0029291133744855967,0.002084031387319523,0.0,5
833,5.952964835233046e-08,1.053338877577402e-07,9.567960007612501e-08,6.490827140842652e-08,0.0,10
834,7.487994412124993e-09,1.213230131795843e-08,1.1319959795673101e-08,8.03160071503801e-09,0.0,11
835,6.097527753126006e-07,1.0249054410820706e-06,1.0309965069427347e-06,6.638371785561329e-07,0.0,9
836,0.0021339453652474364,0.002926043473068566,0.0036739465653687874,0.002448900091747549,0.0,5
837,1.3492812609281428e-07,2.0210587546419784e-07,2.1186197159713395e-07,1.437254581186587e-07,0.0,10
838,6.097527753126006e-07,9.314000058592876e-07,1.0309965069427347e-06,6.638371785561329e-07,0.0,9
839,7.874511476866249e-07,1.1165099621359725e-06,1.3253577255442827e-06,8.533702366382105e-07,0.0,9
840,6.808818302399249e-06,9.503381530299812e-06,1.223889928087459e-05,7.409199116224528e-06,0.0,8
841,0.017712635928664636,0.021179592268402395,0.027746773068201638,0.018993127863390257,0.0,4
842,5.307964628605589e-06,7.747205839613609e-06,9.608058965370352e-06,5.8165379386771185e-06,0.0,8
843,4.119679022117803e-05,5.54449745439745e-05,8.127604199641237e-05,4.569057685104681e-05,0.0,7
844,6.008631499182984e-08,9.2123700552678e-08,9.659472852618156e-08,6.55290871911282e-08,0.0,10
845,0.0005836789913367387,0.000658223933177614,0.0012094236319950054,0.0006407453446426832,0.0,6
846,0.010959858077290902,0.012854380592169545,0.0157398080314747,0.013335295656724228,0.0,4
847,0.013067522049100999,0.014824387304913911,0.019410863556467952,0.015469515906833691,0.0,4
848,0.0016371815240025266,0.0020801442797692424,0.002605886796102846,0.0019182405931935122,0.0,5
849,9.153827886167692e-05,0.0001340179885913315,0.00017800799065183155,0.00010006992930754359,0.0,7
850,8.256166700964642e-06,1.3168316249775967e-05,1.4986549603760394e-05,9.07257487223163e-06,0.0,8
851,6.775958214221128e-05,9.260185497016359e-05,0.00013128050083331292,7.380135234234426e-05,0.0,7
852,2.9245528150313657e-08,4.339864012924206e-08,4.454023193667185e-08,3.160164568846522e-08,0.0,11
853,9.123220243123254e-08,1.5459066325907917e-07,1.4529124456004168e-07,9.856441213872174e-08,0.0,10
854,0.002626387557413075,0.0032478020950187886,0.004552522633744856,0.002844718560368278,0.0,5
855,0.0145955515951388,0.016458989469858746,0.022199218089602703,0.017145380130074005,0.0,4
856,0.018107031860584395,0.020713411577039938,0.02896124677791344,0.01926209372637944,0.0,4
857,0.10116522366522367,0.10767481182750807,0.1474057067271353,0.1064484126984127,0.0,3
858,1.519546868651303e-05,2.000573986439543e-05,2.6988342003979864e-05,1.6338233948597675e-05,0.0,8
859,5.1045860233834805e-05,6.803242352759287e-05,9.875177798881504e-05,5.551483057669852e-05,0.0,7
860,0.00023469815727144484,0.00030477187630267,0.00042718211736647165,0.0002701718262311028,0.0,6
861,0.020453278747396397,0.024234998012805514,0.03364777636893022,0.022225492761207048,0.0,4
862,0.021311404499219287,0.0268561668346128,0.04032862152092922,0.02459844010864419,0.0,4
863,0.02942532969540446,0.03391106283602267,0.05720919820919821,0.03128279883381924,0.0,4
864,1.4319039672895477e-06,2.2549666490118505e-06,2.4237204815202077e-06,1.5605831399295453e-06,0.0,9
865,1.8995648631544466e-06,2.689013407719569e-06,3.1643307969782598e-06,2.037446697577417e-06,0.0,9
866,1.888875883563661e-09,3.1439435031344546e-09,2.756202471328704e-09,2.0332641181933062e-09,0.0,12
867,1.2689477884273929e-08,2.1488365804659926e-08,1.9505432874018517e-08,1.3839258393653844e-08,0.0,11
868,5.981146762828125e-10,9.623324309816283e-10,8.337328728937907e-10,6.364511491642465e-10,0.0,13
869,5.331234687936542e-07,8.800080644857571e-07,9.112342864392858e-07,5.867247790268851e-07,0.0,9
870,6.826773438323339e-08,1.054073823716578e-07,1.0875581208652876e-07,7.377906850091146e-08,0.0,10
871,4.65556730725e-06,7.3491177991188315e-06,8.542821435368304e-06,5.171663200783502e-06,0.0,8
872,0.00023050406505757,0.00033872901461216273,0.00040571149559459754,0.0002638921567565421,0.0,6
873,8.862067023668105e-08,1.2266652081363288e-07,1.4078569725486966e-07,9.550788507239902e-08,0.0,10
874,4.778185417693412e-05,6.783980102050675e-05,9.380914558692337e-05,5.2736253765403084e-05,0.0,7
875,9.497300582769175e-07,1.5537340453349543e-06,1.6060504298492412e-06,1.034102423034885e-06,0.0,9
876,5.5186148128015414e-08,8.265281367128714e-08,8.915200831268975e-08,6.048000563926188e-08,0.0,10
877,7.874511476866249e-07,1.0811088575681024e-06,1.3253577255442827e-06,8.533702366382105e-07,0.0,9
878,4.099544094614536e-05,5.411846789351121e-05,8.044386409201225e-05,4.522275524506339e-05,0.0,7
879,1.079488660944104e-08,1.632164491215592e-08,1.63718426796925e-08,1.1615951447369023e-08,0.0,11
880,5.678628653899962e-05,7.949553209742402e-05,0.00010969617830728943,6.166739351599554e-05,0.0,7
881,0.00252383319064134,0.0033588828124581586,0.004298878205128205,0.0027979139504563234,0.0,5
882,5.38992366557847e-07,8.374352807587124e-07,9.224995454749362e-07,5.93978244701668e-07,0.0,9
883,2.599902219756686e-08,4.2957331245756824e-08,3.92729321423576e-08,2.786445496005783e-08,0.0,11
884,9.408790735087546e-06,1.4290295315407555e-05,1.6770953223984775e-05,1.0152819216313654e-05,0.0,8
885,0.00018900755078033235,0.00024151498407898217,0.0003272223350967119,0.00022161391692199925,0.0,6
886,0.06934054834054834,0.07882548765108643,0.09172889775568346,0.08507742749764026,1.0,3
887,3.047660047016148e-05,4.036089943939944e-05,5.9543550577005735e-05,3.465345229506774e-05,0.0,7
888,3.4493662014111624e-05,5.053481526910852e-05,6.87249787766796e-05,3.912285909107263e-05,0.0,7
889,0.003122771788801639,0.004201222960065948,0.006161286694101509,0.0036365972926424906,0.0,5
890,0.00224195749567958,0.002988672352277389,0.0038149721574721575,0.0025347263376924393,0.0,5
891,3.9340407790785175e-05,6.0929580365708886e-05,7.83237250987594e-05,4.4030886507036064e-05,0.0,7
892,0.00038308866134105415,0.0005298513547768335,0.0007362805944055946,0.0004206913878967111,0.0,6
893,0.011884543137174719,0.013609154897703275,0.017349831525312297,0.014212617739403455,0.0,4
894,0.0008496970056100499,0.001067699003630427,0.0019417484436002957,0.0009967149805552849,0.0,6
895,0.00034429873992416387,0.0005045081093073638,0.0006367729557964899,0.00038602929405633253,0.0,6
896,0.011757251734044986,0.014562415502685284,0.01711152985191447,0.014037153322867608,1.0,4
897,6.359093361741951e-06,8.560996593353616e-06,1.1665980392775791e-05,7.0623648117700985e-06,0.0,8
898,2.496821056430553e-05,3.785935097734568e-05,4.742287029387493e-05,2.8694243233727884e-05,0.0,7
899,1.2720291995568342e-06,1.991786660460102e-06,2.173863294586721e-06,1.3997053009660128e-06,0.0,9
900,0.016483140802796885,0.02114625805022155,0.02586675432829279,0.01925095312850415,1.0,4
901,0.000743695567875149,0.0009092272265703554,0.001595192578523443,0.0008444549016209345,0.0,6
902,2.2181380264122795e-07,3.4591034602220406e-07,3.537487436147844e-07,2.399803034572658e-07,0.0,10
903,0.0010173651489838818,0.0013228616135415741,0.0021091703094040545,0.0010826539611009406,0.0,6
904,7.508928697833067e-05,0.00011039082431007408,0.00014642221596926672,8.231350035155089e-05,0.0,7
