,Unnamed: 0,l,count,est,a_priori,sample_est,sample_occured,sample_est_a_priori,sample_occured_a_priori,combined,run,kind,p,est_p
0,0,3,22,25.074992347719625,27.5,22.4000496871566,5173,22.616740086297707,5108,22.4000496871566,0,er,0.5,0.4848484848484848
1,1,4,64,82.06361131980967,92.8125,70.767507349749,4932,69.86034482458571,4813,70.767507349749,0,er,0.5,0.4848484848484848
2,2,5,188,254.64587270147004,297.0,222.36960132896877,4372,223.34073096365057,4388,222.36960132896877,0,er,0.5,0.4848484848484848
3,3,6,489,720.2105490546628,866.25,603.8338963413025,3157,620.4797469433759,3185,603.8338963413025,0,er,0.5,0.4848484848484848
4,4,7,1128,1795.8496807596784,2227.5,1423.6454916699877,1869,1489.701689150992,1957,1423.6454916699877,0,er,0.5,0.4848484848484848
5,5,8,2239,3809.378110702348,4872.65625,3002.658699482487,986,3003.0264005250315,987,3002.658699482487,0,er,0.5,0.4848484848484848
6,6,9,3733,6567.008729560952,8662.5,4478.929590298822,369,5050.747437280807,412,4478.929590298822,0,er,0.5,0.4848484848484848
7,7,10,4910,8596.811427788882,11694.375,5841.068950362535,110,6120.946011469572,121,5841.068950362535,0,er,0.5,0.4848484848484848
8,8,11,4370,7578.456355075599,10631.25,6546.560888773606,31,5336.641251551923,26,6546.560888773606,0,er,0.5,0.4848484848484848
9,9,12,1992,3368.202824478044,4872.65625,897.8450801040993,1,2659.567244647268,3,897.8450801040993,0,er,0.5,0.4848484848484848
0,0,3,8,10.578512396694215,27.5,7.828359030850363,3170,9.34566358653646,3176,7.828359030850363,1,er,0.5,0.3636363636363636
1,1,4,28,25.96543951915853,92.8125,33.540480409537324,4785,37.57687195767242,4769,33.540480409537324,1,er,0.5,0.3636363636363636
2,2,5,30,60.42865924458712,297.0,42.877842364588005,1824,45.233109823007375,1759,42.877842364588005,1,er,0.5,0.3636363636363636
3,3,6,82,128.18200445821512,866.25,117.23306384273631,2000,117.40503091628656,1962,117.23306384273631,1,er,0.5,0.3636363636363636
4,4,7,99,239.7169953504283,2227.5,136.07315381281225,762,143.8021961509474,838,136.07315381281225,1,er,0.5,0.3636363636363636
5,5,8,130,381.36794714840863,4872.65625,160.20163769047682,351,159.81815894291108,364,160.20163769047682,1,er,0.5,0.3636363636363636
6,6,9,98,493.081790252488,8662.5,111.16679775918134,85,101.607030524539,98,111.16679775918134,1,er,0.5,0.3636363636363636
7,7,10,45,484.11666679335184,11694.375,46.92748936484876,20,73.91988195045691,27,46.92748936484876,1,er,0.5,0.3636363636363636
8,8,11,19,320.0771350699847,10631.25,19.942441666856325,3,32.670425057850025,7,19.942441666856325,1,er,0.5,0.3636363636363636
9,9,12,0,106.69237835666156,4872.65625,0.0,0,0.0,0,106.69237835666156,1,er,0.5,0.3636363636363636
0,0,3,34,30.07652280379553,27.5,32.92722657756307,6689,31.66689315807704,6576,32.92722657756307,2,er,0.5,0.5151515151515151
1,1,4,110,104.58427247683444,92.8125,113.4013874593787,6022,108.36434475622038,5880,113.4013874593787,2,er,0.5,0.5151515151515151
2,2,5,327,344.8111771357451,297.0,353.1809756757187,4582,350.40406040339883,4600,353.1809756757187,2,er,0.5,0.5151515151515151
3,3,6,852,1036.17500199883,866.25,951.3559604649028,3006,968.0611849444974,3073,951.3559604649028,2,er,0.5,0.5151515151515151
4,4,7,1912,2745.19091438651,2227.5,2215.4745987104275,1661,2225.456287433346,1716,2215.4745987104275,2,er,0.5,0.5151515151515151
5,5,8,3549,6187.07800780293,4872.65625,4030.7183106606,738,4375.2521609660425,781,4030.7183106606,2,er,0.5,0.5151515151515151
6,6,9,5198,11332.560391396612,8662.5,5791.181201431753,249,6893.857575978414,294,5791.181201431753,2,er,0.5,0.5151515151515151
7,7,10,5331,15762.561271669832,11694.375,3928.389428885901,49,6961.869075183638,71,3928.389428885901,2,er,0.5,0.5151515151515151
8,8,11,3063,14763.831494126014,10631.25,778.9246079094339,4,3615.051097307352,8,778.9246079094339,2,er,0.5,0.5151515151515151
9,9,12,530,6971.809316670618,4872.65625,0.0,0,763.9587706483806,1,6971.809316670618,2,er,0.5,0.5151515151515151
0,0,3,18,22.796908478726664,27.5,18.212401834244424,4280,18.772034663234173,4257,18.212401834244424,3,er,0.5,0.4696969696969697
1,1,4,60,72.27656210869023,92.8125,66.41329904825577,5060,69.87842910801058,5200,66.41329904825577,3,er,0.5,0.4696969696969697
2,2,5,175,217.2677260964264,297.0,210.8692307650066,4391,213.34472000245896,4341,210.8692307650066,3,er,0.5,0.4696969696969697
3,3,6,446,595.291623269249,866.25,564.1649456511904,3065,575.2541901421848,3074,564.1649456511904,3,er,0.5,0.4696969696969697
4,4,7,1037,1437.9771678971472,2227.5,1381.9115511845685,1871,1350.3259415720563,1826,1381.9115511845685,3,er,0.5,0.4696969696969697
5,5,8,2037,2954.934142364403,4872.65625,2758.024454079185,915,2632.7251459265126,881,2758.024454079185,3,er,0.5,0.4696969696969697
6,6,9,3136,4934.83951048062,8662.5,4271.512394965202,324,3991.1442355399386,319,4271.512394965202,3,er,0.5,0.4696969696969697
7,7,10,3552,6258.2737428367855,11694.375,4660.322835234829,85,4324.397430945298,87,4660.322835234829,3,er,0.5,0.4696969696969697
8,8,11,2308,5344.531295535548,10631.25,1765.4852601277532,8,2435.712871483456,13,1765.4852601277532,3,er,0.5,0.4696969696969697
9,9,12,450,2301.1176411333613,4872.65625,389.8521937044613,1,766.5948604615286,2,389.8521937044613,3,er,0.5,0.4696969696969697
0,0,3,37,35.70247933884296,27.5,36.95855513600679,6980,34.5366652430905,6900,36.95855513600679,4,er,0.5,0.5454545454545454
1,1,4,120,131.45003756574002,92.8125,128.08140450520483,6281,120.75523096502594,6161,128.08140450520483,4,er,0.5,0.5454545454545454
2,2,5,385,458.8801311385832,297.0,430.6704453401141,4891,411.6854770574047,4853,430.6704453401141,4,er,0.5,0.5454545454545454
3,3,6,1131,1460.0731445318554,866.25,1368.1491643892514,3438,1333.1546250593633,3444,1368.1491643892514,4,er,0.5,0.5454545454545454
4,4,7,2922,4095.7896002452057,2227.5,3606.673684497445,1989,3694.032204590829,2093,3606.673684497445,4,er,0.5,0.5454545454545454
5,5,8,6357,9774.043364221512,4872.65625,8043.123741765117,955,8012.778981836152,1012,8043.123741765117,4,er,0.5,0.5454545454545454
6,6,9,11037,18955.720463944752,8662.5,13476.091379257176,351,14893.101574040253,398,13476.091379257176,4,er,0.5,0.5454545454545454
7,7,10,14247,27916.6065014459,11694.375,16751.73372997112,97,17603.79379453015,110,16751.73372997112,4,er,0.5,0.5454545454545454
8,8,11,11928,27685.890745235603,10631.25,14712.789482282744,18,16714.58500827631,24,14712.789482282744,4,er,0.5,0.5454545454545454
9,9,12,4721,13842.945372617802,4872.65625,0.0,0,14812.93301077999,5,13842.945372617802,4,er,0.5,0.5454545454545454
0,0,3,37,38.76109580655034,27.5,36.382481401404334,6415,33.93743179927351,6435,36.382481401404334,5,er,0.5,0.5606060606060606
1,1,4,137,146.6755102679689,92.8125,146.6050591938841,6502,137.0958684000941,6394,146.6050591938841,5,er,0.5,0.5606060606060606
2,2,5,498,526.253951991743,297.0,556.801000614598,5643,533.4445114337137,5605,556.801000614598,5,er,0.5,0.5606060606060606
3,3,6,1569,1720.9567369426943,866.25,1871.85425990149,3947,1779.2940078106174,3855,1871.85425990149,5,er,0.5,0.5606060606060606
4,4,7,4283,4961.719423393222,2227.5,5014.5475737503975,2138,5049.501587033153,2216,5014.5475737503975,5,er,0.5,0.5606060606060606
5,5,8,9755,12169.368661542088,4872.65625,11506.394174939696,977,12268.51789507585,1050,11506.394174939696,5,er,0.5,0.5606060606060606
6,6,9,17352,24256.78871256874,8662.5,19335.428654230636,309,20965.129623104756,349,19335.428654230636,5,er,0.5,0.5606060606060606
7,7,10,21645,36715.95746038813,11694.375,20281.23826616398,65,25781.632063854904,87,20281.23826616398,5,er,0.5,0.5606060606060606
8,8,11,15167,37423.97867863253,10631.25,5425.265740025271,4,16485.808580601344,9,5425.265740025271,5,er,0.5,0.5606060606060606
9,9,12,2557,19231.76682096393,4872.65625,0.0,0,0.0,0,19231.76682096393,5,er,0.5,0.5606060606060606
0,0,3,28,30.07652280379553,27.5,27.589792577441,5765,27.062231143209903,5775,27.589792577441,6,er,0.5,0.5151515151515151
1,1,4,90,104.58427247683444,92.8125,95.16655649644832,5580,97.21579100600752,5812,95.16655649644832,6,er,0.5,0.5151515151515151
2,2,5,288,344.8111771357451,297.0,328.6574474259693,4829,327.0877921441835,4872,328.6574474259693,6,er,0.5,0.5151515151515151
3,3,6,817,1036.17500199883,866.25,992.8405562565586,3448,942.3769082170016,3360,992.8405562565586,6,er,0.5,0.5151515151515151
4,4,7,1961,2745.19091438651,2227.5,2549.5305787389893,2053,2334.7484357954936,1910,2549.5305787389893,6,er,0.5,0.5151515151515151
5,5,8,3870,6187.07800780293,4872.65625,4979.543192547678,913,4595.7453801071815,867,4979.543192547678,6,er,0.5,0.5151515151515151
6,6,9,6037,11332.560391396612,8662.5,7286.292561094167,307,6996.695194230196,306,7286.292561094167,6,er,0.5,0.5151515151515151
7,7,10,6767,15762.561271669832,11694.375,8916.80387001578,93,8591.51886815054,83,8916.80387001578,6,er,0.5,0.5151515151515151
8,8,11,4656,14763.831494126014,10631.25,4592.294574243183,12,5399.309522045976,14,4592.294574243183,6,er,0.5,0.5151515151515151
9,9,12,1218,6971.809316670618,4872.65625,0.0,0,1461.1478740992,1,6971.809316670618,6,er,0.5,0.5151515151515151
0,0,3,45,41.98959289868382,27.5,43.81456390288836,7531,40.0218192811105,7513,43.81456390288836,7,er,0.5,0.5757575757575758
1,1,4,160,163.18682694715758,92.8125,161.41569907903835,6800,152.22065806938105,6848,161.41569907903835,7,er,0.5,0.5757575757575758
2,2,5,532,601.3187320234655,297.0,577.2926346099235,5415,551.3939234247994,5427,577.2926346099235,7,er,0.5,0.5757575757575758
3,3,6,1586,2019.580589876791,866.25,1818.1774135874743,3689,1781.3903365956098,3718,1818.1774135874743,7,er,0.5,0.5757575757575758
4,4,7,4108,5980.056811583226,2227.5,4888.811639214913,2103,4807.318550019817,2096,4888.811639214913,7,er,0.5,0.5757575757575758
5,5,8,8910,15063.400680692595,4872.65625,10598.209622687142,968,10650.892277141378,957,10598.209622687142,7,er,0.5,0.5757575757575758
6,6,9,15618,30836.86065273097,8662.5,18555.21047400038,370,18477.97811324054,348,18555.21047400038,7,er,0.5,0.5757575757575758
7,7,10,20983,47937.30156015451,11694.375,26447.624407216277,102,19776.062117510235,79,26447.624407216277,7,er,0.5,0.5757575757575758
8,8,11,19044,50182.29915388077,10631.25,23639.002589493102,20,16919.651769561613,13,23639.002589493102,7,er,0.5,0.5757575757575758
9,9,12,8560,26485.10233121485,4872.65625,11657.088635298584,2,5908.89497162529,1,11657.088635298584,7,er,0.5,0.5757575757575758
0,0,3,39,45.39256198347108,27.5,39.288843165314525,6475,34.75484025164579,6381,39.288843165314525,8,er,0.5,0.5909090909090909
1,1,4,165,181.0544233658904,92.8125,177.20090217774566,7244,164.77341124781293,7335,177.20090217774566,8,er,0.5,0.5909090909090909
2,2,5,578,684.7149101837309,297.0,658.0019278133307,5840,606.8873078076333,5798,658.0019278133307,8,er,0.5,0.5909090909090909
3,3,6,1940,2360.191546466648,866.25,2257.404013380828,4153,2130.0923890306094,4145,2257.404013380828,8,er,0.5,0.5909090909090909
4,4,7,5606,7172.530154197346,2227.5,6709.17618374418,2488,6603.5899053517305,2516,6709.17618374418,8,er,0.5,0.5909090909090909
5,5,8,13679,18542.62056908973,4872.65625,16692.570620599596,1193,16283.18900691039,1191,16692.570620599596,8,er,0.5,0.5909090909090909
6,6,9,27066,38958.2331148552,8662.5,33572.880218754835,454,34105.917812534695,465,33572.880218754835,8,er,0.5,0.5909090909090909
7,7,10,40357,62156.09010597351,11694.375,47642.40211610402,126,55009.66769354956,143,47642.40211610402,8,er,0.5,0.5909090909090909
8,8,11,39402,66779.27036178972,10631.25,51413.82385779932,25,46070.90850980518,24,51413.82385779932,8,er,0.5,0.5909090909090909
9,9,12,18235,36172.104779302776,4872.65625,20820.27798012565,2,21292.162588805884,2,20820.27798012565,8,er,0.5,0.5909090909090909
0,0,3,24,27.5,27.5,24.14446776792625,5384,24.307080656567155,5433,24.14446776792625,9,er,0.5,0.5
1,1,4,77,92.8125,92.8125,85.1425312895288,5403,84.96903055176666,5383,85.1425312895288,9,er,0.5,0.5
2,2,5,233,297.0,297.0,272.7440383028585,4511,274.6162065964229,4492,272.7440383028585,9,er,0.5,0.5
3,3,6,648,866.25,866.25,803.5883392928056,3329,804.1314382941308,3281,803.5883392928056,9,er,0.5,0.5
4,4,7,1533,2227.5,2227.5,1943.4171398530384,1958,2064.538132892297,2016,1943.4171398530384,9,er,0.5,0.5
5,5,8,3050,4872.65625,4872.65625,3752.64797992076,909,3968.3988587120816,914,3752.64797992076,9,er,0.5,0.5
6,6,9,4894,8662.5,8662.5,6291.331917011512,371,6475.4833566716,355,6291.331917011512,9,er,0.5,0.5
7,7,10,5992,11694.375,11694.375,7426.476473722798,112,8513.836785221556,105,7426.476473722798,9,er,0.5,0.5
8,8,11,4742,10631.25,10631.25,5742.270545035648,19,4965.681057087765,17,5742.270545035648,9,er,0.5,0.5
9,9,12,1872,4872.65625,4872.65625,4468.10719482567,4,4473.4698434235615,4,4468.10719482567,9,er,0.5,0.5
0,0,3,35,38.76109580655034,27.5,35.667431581892465,6583,33.58452013886182,6686,35.667431581892465,10,er,0.5,0.5606060606060606
1,1,4,120,146.6755102679689,92.8125,129.8977231721855,6098,124.28724000815502,6215,129.8977231721855,10,er,0.5,0.5606060606060606
2,2,5,416,526.253951991743,297.0,496.8259788861552,5387,456.08302257498553,5217,496.8259788861552,10,er,0.5,0.5606060606060606
3,3,6,1313,1720.9567369426943,866.25,1640.71626191387,3886,1548.1886334851056,3811,1640.71626191387,10,er,0.5,0.5606060606060606
4,4,7,3685,4961.719423393222,2227.5,4757.162829006704,2360,4576.523956778364,2349,4757.162829006704,10,er,0.5,0.5606060606060606
5,5,8,8721,12169.368661542088,4872.65625,11045.772868162496,1114,10882.208585573126,1128,11045.772868162496,10,er,0.5,0.5606060606060606
6,6,9,16531,24256.78871256874,8662.5,20830.944963454804,433,20735.02208887612,431,20830.944963454804,10,er,0.5,0.5606060606060606
7,7,10,23360,36715.95746038813,11694.375,27877.349372150635,117,32021.120313719774,135,27877.349372150635,10,er,0.5,0.5606060606060606
8,8,11,21819,37423.97867863253,10631.25,25196.05028447908,21,31155.583027806777,26,25196.05028447908,10,er,0.5,0.5606060606060606
9,9,12,10175,19231.76682096393,4872.65625,5502.558289492262,1,11364.902146342272,2,5502.558289492262,10,er,0.5,0.5606060606060606
0,0,3,19,22.796908478726664,27.5,19.190117222068025,4727,19.41154556091002,4628,19.190117222068025,11,er,0.5,0.4696969696969697
1,1,4,62,72.27656210869023,92.8125,70.42258222120164,5164,69.69569343209814,5045,70.42258222120164,11,er,0.5,0.4696969696969697
2,2,5,180,217.2677260964264,297.0,219.55019744588543,4295,221.5905199208114,4355,219.55019744588543,11,er,0.5,0.4696969696969697
3,3,6,460,595.291623269249,866.25,594.0694408915667,3084,574.2069391142448,2987,594.0694408915667,11,er,0.5,0.4696969696969697
4,4,7,1005,1437.9771678971472,2227.5,1241.6887983541942,1613,1292.0701827998105,1703,1241.6887983541942,11,er,0.5,0.4696969696969697
5,5,8,1902,2954.934142364403,4872.65625,2307.0803331236025,741,2649.686635638452,873,2307.0803331236025,11,er,0.5,0.4696969696969697
6,6,9,2859,4934.83951048062,8662.5,3375.7138627781205,274,3663.261680562171,303,3375.7138627781205,11,er,0.5,0.4696969696969697
7,7,10,3070,6258.2737428367855,11694.375,3941.7077952135537,85,3619.089164300872,85,3941.7077952135537,11,er,0.5,0.4696969696969697
8,8,11,1875,5344.531295535548,10631.25,2533.0182041561065,16,3092.9300500480263,19,2533.0182041561065,11,er,0.5,0.4696969696969697
9,9,12,385,2301.1176411333613,4872.65625,356.2649277853076,1,709.6684509825727,2,356.2649277853076,11,er,0.5,0.4696969696969697
0,0,3,28,27.5,27.5,27.67043673605168,5906,27.21377919361317,5804,27.67043673605168,12,er,0.5,0.5
1,1,4,88,92.8125,92.8125,92.73504159051056,5178,93.15961563339238,5212,92.73504159051056,12,er,0.5,0.5
2,2,5,281,297.0,297.0,320.9287304764541,4682,324.0161614160653,4803,320.9287304764541,12,er,0.5,0.5
3,3,6,744,866.25,866.25,894.7958629009937,3170,907.5925333650748,3263,894.7958629009937,12,er,0.5,0.5
4,4,7,1705,2227.5,2227.5,2202.699327532868,1826,2038.2062615213492,1747,2202.699327532868,12,er,0.5,0.5
5,5,8,3249,4872.65625,4872.65625,4266.208834759259,848,3988.133057616712,816,4266.208834759259,12,er,0.5,0.5
6,6,9,4814,8662.5,8662.5,6440.519727173514,298,4979.906538546848,269,6440.519727173514,12,er,0.5,0.5
7,7,10,5102,11694.375,11694.375,6233.768660105058,80,5107.545703530243,73,6233.768660105058,12,er,0.5,0.5
8,8,11,3253,10631.25,10631.25,3561.392904684062,12,3228.295814954472,12,3561.392904684062,12,er,0.5,0.5
9,9,12,879,4872.65625,4872.65625,0.0,0,599.4017108071251,1,4872.65625,12,er,0.5,0.5
0,0,3,15,18.663146617692075,27.5,15.214804722109616,4041,16.153965085982872,3972,15.214804722109616,13,er,0.5,0.4393939393939394
1,1,4,47,55.353196218382166,92.8125,52.41363838443598,4587,56.37653040152074,4682,52.41363838443598,13,er,0.5,0.4393939393939394
2,2,5,130,155.65989724442016,297.0,161.49917989950612,4066,163.08000121807066,4042,161.49917989950612,13,er,0.5,0.4393939393939394
3,3,6,302,398.9767568259759,866.25,391.0664823116278,2741,383.50430824985006,2708,391.0664823116278,13,er,0.5,0.4393939393939394
4,4,7,601,901.5838401002572,2227.5,762.3659316360762,1510,768.1614638515041,1535,762.3659316360762,13,er,0.5,0.4393939393939394
5,5,8,992,1733.158328980608,4872.65625,1304.4386264406971,729,1206.170698219336,695,1304.4386264406971,13,er,0.5,0.4393939393939394
6,6,9,1310,2707.6951671616234,8662.5,1424.2300139846668,242,1677.4912874999488,270,1424.2300139846668,13,er,0.5,0.4393939393939394
7,7,10,1299,3212.311084678108,11694.375,1430.8372858366502,73,1720.672997928223,88,1430.8372858366502,13,er,0.5,0.4393939393939394
8,8,11,739,2566.3091310100585,10631.25,806.6785391450112,10,549.2576587580286,8,806.6785391450112,13,er,0.5,0.4393939393939394
9,9,12,136,1033.6522888790512,4872.65625,136.8754833071479,1,0.0,0,136.8754833071479,13,er,0.5,0.4393939393939394
0,0,3,28,32.80915212733394,27.5,27.941180653408605,5550,26.85682840923511,5524,27.941180653408605,14,er,0.5,0.5303030303030303
1,1,4,101,117.44185136488854,92.8125,109.60909489257064,6034,105.80190269544384,5985,109.60909489257064,14,er,0.5,0.5303030303030303
2,2,5,328,398.59052584447016,297.0,385.2984902343863,5268,372.8839154794721,5188,385.2984902343863,14,er,0.5,0.5303030303030303
3,3,6,951,1233.0136216148385,866.25,1152.9063397199354,3664,1121.3974869547458,3593,1152.9063397199354,14,er,0.5,0.5303030303030303
4,4,7,2426,3362.764422585922,2227.5,2880.4111624290776,2035,3049.010838203153,2140,2880.4111624290776,14,er,0.5,0.5303030303030303
5,5,8,5216,7801.868215279838,4872.65625,6137.241034605655,960,6770.16628650495,1068,6137.241034605655,14,er,0.5,0.5303030303030303
6,6,9,8944,14710.593267867707,8662.5,10508.84630004427,372,10717.060800013303,368,10508.84630004427,14,er,0.5,0.5303030303030303
7,7,10,11426,21062.894906265126,11694.375,12083.793627058552,94,13527.833945737377,107,12083.793627058552,14,er,0.5,0.5303030303030303
8,8,11,9680,20308.57635590301,10631.25,11334.873355893018,20,12209.31554437952,21,11334.873355893018,14,er,0.5,0.5303030303030303
9,9,12,4158,9872.224617452852,4872.65625,7720.434798589921,3,15290.532765243626,6,7720.434798589921,14,er,0.5,0.5303030303030303
0,0,3,25,25.074992347719625,27.5,24.812289292173528,5810,24.859133633612775,5724,24.812289292173528,15,er,0.5,0.4848484848484848
1,1,4,77,82.06361131980967,92.8125,83.03998441403587,5241,86.95498237243291,5346,83.03998441403587,15,er,0.5,0.4848484848484848
2,2,5,223,254.64587270147004,297.0,251.9876209381721,4379,257.2647985781189,4391,251.9876209381721,15,er,0.5,0.4848484848484848
3,3,6,569,720.2105490546628,866.25,683.851769886682,2944,675.450315765011,2875,683.851769886682,15,er,0.5,0.4848484848484848
4,4,7,1256,1795.8496807596784,2227.5,1516.7183916384708,1636,1536.4242157122364,1629,1516.7183916384708,15,er,0.5,0.4848484848484848
5,5,8,2236,3809.378110702348,4872.65625,2645.8933952095786,713,2857.43531121902,753,2645.8933952095786,15,er,0.5,0.4848484848484848
6,6,9,3052,6567.008729560952,8662.5,3039.184794731185,218,3472.2437470260384,221,3039.184794731185,15,er,0.5,0.4848484848484848
7,7,10,2862,8596.811427788882,11694.375,2830.8103812018558,52,2828.390811372352,49,2830.8103812018558,15,er,0.5,0.4848484848484848
8,8,11,1530,7578.456355075599,10631.25,1163.3327900611516,7,1943.8979292484123,11,1163.3327900611516,15,er,0.5,0.4848484848484848
9,9,12,267,3368.202824478044,4872.65625,0.0,0,421.648100016046,1,3368.202824478044,15,er,0.5,0.4848484848484848
0,0,3,19,20.661157024793383,27.5,18.989878291812808,4799,19.984628102860317,4785,18.989878291812808,16,er,0.5,0.4545454545454545
1,1,4,49,63.392186326070615,92.8125,53.870068149394925,4334,56.29747160493835,4326,53.870068149394925,16,er,0.5,0.4545454545454545
2,2,5,135,184.41363294856905,297.0,164.31868166202258,4040,166.68767960456054,3976,164.31868166202258,16,er,0.5,0.4545454545454545
3,3,6,330,488.9755419090846,866.25,430.56222459676434,2914,426.5095010023175,2922,430.56222459676434,16,er,0.5,0.4545454545454545
4,4,7,698,1143.0597083588991,2227.5,884.4590956610549,1654,921.1387979959223,1710,884.4590956610549,16,er,0.5,0.4545454545454545
5,5,8,1235,2273.1301018500835,4872.65625,1580.4063512815342,809,1524.6683979739096,796,1580.4063512815342,16,er,0.5,0.4545454545454545
6,6,9,1806,3673.745619151649,8662.5,2223.838055008622,331,2288.190434509084,343,2223.838055008622,16,er,0.5,0.4545454545454545
7,7,10,2106,4508.687805322479,11694.375,2365.265034986878,98,2892.6988196010707,115,2365.265034986878,16,er,0.5,0.4545454545454545
8,8,11,1719,3726.188268861553,10631.25,1751.97071988122,18,2480.705873491558,25,1751.97071988122,16,er,0.5,0.4545454545454545
9,9,12,725,1552.5784453589802,4872.65625,968.9060982381944,3,626.9813445979253,2,968.9060982381944,16,er,0.5,0.4545454545454545
0,0,3,46,41.98959289868382,27.5,45.84828272579386,7828,41.65832973174989,7818,45.84828272579386,17,er,0.5,0.5757575757575758
1,1,4,154,163.18682694715758,92.8125,161.4517450526863,6723,150.92929672679014,6765,161.4517450526863,17,er,0.5,0.5757575757575758
2,2,5,510,601.3187320234655,297.0,562.8499659477792,5254,523.9557374982726,5102,562.8499659477792,17,er,0.5,0.5757575757575758
3,3,6,1571,2019.580589876791,866.25,1802.410063546988,3620,1740.237565142506,3582,1802.410063546988,17,er,0.5,0.5757575757575758
4,4,7,4237,5980.056811583226,2227.5,4893.86892265868,2093,5033.310350799546,2164,4893.86892265868,17,er,0.5,0.5757575757575758
5,5,8,9539,15063.400680692595,4872.65625,10511.64404795108,951,11560.9154064233,1048,10511.64404795108,17,er,0.5,0.5757575757575758
6,6,9,17224,30836.86065273097,8662.5,21037.972992402105,387,20630.81954308862,388,21037.972992402105,17,er,0.5,0.5757575757575758
7,7,10,23457,47937.30156015451,11694.375,30645.658776143053,118,27209.163549652934,111,30645.658776143053,17,er,0.5,0.5757575757575758
8,8,11,21653,50182.29915388077,10631.25,23766.240008912588,20,25874.24953528429,22,23766.240008912588,17,er,0.5,0.5757575757575758
9,9,12,10152,26485.10233121485,4872.65625,34942.59351155674,6,0.0,0,34942.59351155674,17,er,0.5,0.5757575757575758
0,0,3,20,20.661157024793383,27.5,20.05150861183991,4943,21.331069926354623,4970,20.05150861183991,18,er,0.5,0.4545454545454545
1,1,4,49,63.392186326070615,92.8125,54.11386226988495,4344,54.72164589670992,4236,54.11386226988495,18,er,0.5,0.4545454545454545
2,2,5,138,184.41363294856905,297.0,165.8183666400839,3818,177.18169386891185,3987,165.8183666400839,18,er,0.5,0.4545454545454545
3,3,6,366,488.9755419090846,866.25,475.58210735017553,2895,483.779663850141,2916,475.58210735017553,18,er,0.5,0.4545454545454545
4,4,7,812,1143.0597083588991,2227.5,1103.7730118813886,1771,1048.4681882562045,1671,1103.7730118813886,18,er,0.5,0.4545454545454545
5,5,8,1437,2273.1301018500835,4872.65625,1923.358120311483,829,1776.043456223941,807,1923.358120311483,18,er,0.5,0.4545454545454545
6,6,9,1966,3673.745619151649,8662.5,2531.610559282808,306,2520.290062546411,317,2531.610559282808,18,er,0.5,0.4545454545454545
7,7,10,1919,4508.687805322479,11694.375,1954.678417738052,81,2011.2920806304692,74,1954.678417738052,18,er,0.5,0.4545454545454545
8,8,11,1142,3726.188268861553,10631.25,602.0735835918047,12,1574.8102750103735,20,602.0735835918047,18,er,0.5,0.4545454545454545
9,9,12,358,1552.5784453589802,4872.65625,211.0819234909081,1,421.67240772218287,2,211.0819234909081,18,er,0.5,0.4545454545454545
0,0,3,29,27.5,27.5,27.96719836476694,5991,27.85201892699191,5999,27.96719836476694,19,er,0.5,0.5
1,1,4,86,92.8125,92.8125,90.96790183733168,5346,89.69636735047953,5301,90.96790183733168,19,er,0.5,0.5
2,2,5,270,297.0,297.0,310.84575138693475,4616,311.5047107461587,4637,310.84575138693475,19,er,0.5,0.5
3,3,6,754,866.25,866.25,872.4937613190592,3143,896.9358344942358,3185,872.4937613190592,19,er,0.5,0.5
4,4,7,1756,2227.5,2227.5,2135.053390851663,1781,2125.205882655848,1790,2135.053390851663,19,er,0.5,0.5
5,5,8,3248,4872.65625,4872.65625,4098.031185309188,805,3724.578300673169,757,4098.031185309188,19,er,0.5,0.5
6,6,9,4488,8662.5,8662.5,5443.620272853415,255,5220.041076766384,258,5443.620272853415,19,er,0.5,0.5
7,7,10,4200,11694.375,11694.375,4630.710753926001,55,5129.813583771801,64,4630.710753926001,19,er,0.5,0.5
8,8,11,2102,10631.25,10631.25,1846.971943724294,8,2811.6270193593286,9,1846.971943724294,19,er,0.5,0.5
9,9,12,252,4872.65625,4872.65625,0.0,0,0.0,0,4872.65625,19,er,0.5,0.5
0,0,3,25,22.796908478726664,27.5,24.577307712018435,5544,25.13796264094991,5448,24.577307712018435,20,er,0.5,0.4696969696969697
1,1,4,78,72.27656210869023,92.8125,79.78813458628636,5308,83.46574928963297,5382,79.78813458628636,20,er,0.5,0.4696969696969697
2,2,5,214,217.2677260964264,297.0,234.0864556223337,4300,238.71920900871785,4310,234.0864556223337,20,er,0.5,0.4696969696969697
3,3,6,487,595.291623269249,866.25,546.9261070264868,2587,556.8000304657439,2598,546.9261070264868,20,er,0.5,0.4696969696969697
4,4,7,942,1437.9771678971472,2227.5,1093.101634170881,1408,1068.4525517598458,1374,1093.101634170881,20,er,0.5,0.4696969696969697
5,5,8,1472,2954.934142364403,4872.65625,1659.0964830804296,609,1699.9001566311654,616,1659.0964830804296,20,er,0.5,0.4696969696969697
6,6,9,1772,4934.83951048062,8662.5,1645.9417764983289,187,1919.3312505902616,207,1645.9417764983289,20,er,0.5,0.4696969696969697
7,7,10,1508,6258.2737428367855,11694.375,1493.784349991714,47,1500.2164511538838,56,1493.784349991714,20,er,0.5,0.4696969696969697
8,8,11,777,5344.531295535548,10631.25,660.1810539732012,6,865.098088908616,9,660.1810539732012,20,er,0.5,0.4696969696969697
9,9,12,285,2301.1176411333613,4872.65625,839.1688025833737,4,0.0,0,839.1688025833737,20,er,0.5,0.4696969696969697
0,0,3,55,56.69421487603305,27.5,54.4530620788396,7756,46.31033272980952,7751,54.4530620788396,21,er,0.5,0.6363636363636364
1,1,4,230,243.5274229902329,92.8125,241.17201817233564,7792,210.77393387091104,7722,241.17201817233564,21,er,0.5,0.6363636363636364
2,2,5,906,991.820777269312,297.0,986.2614454452972,6542,893.5844919807987,6520,986.2614454452972,21,er,0.5,0.6363636363636364
3,3,6,3185,3681.758945923962,866.25,3583.1627082462105,4535,3304.5453058639314,4466,3583.1627082462105,21,er,0.5,0.6363636363636364
4,4,7,9781,12049.392913932968,2227.5,11230.917807611148,2640,10602.149380157764,2594,11230.917807611148,21,er,0.5,0.6363636363636364
5,5,8,25231,33546.60527174519,4872.65625,27835.033854605383,1191,30255.54023432105,1316,27835.033854605383,21,er,0.5,0.6363636363636364
6,6,9,52437,75903.43010980729,8662.5,54893.11913605599,421,64188.34184157045,481,54893.11913605599,21,er,0.5,0.6363636363636364
7,7,10,82059,130415.89355230524,11694.375,82006.61359639566,106,94000.86250911752,125,82006.61359639566,21,er,0.5,0.6363636363636364
8,8,11,85214,150894.42229192343,10631.25,67666.51046942107,16,115071.96044699868,25,67666.51046942107,21,er,0.5,0.6363636363636364
9,9,12,43682,88021.74633695533,4872.65625,22966.806729840868,1,0.0,0,22966.806729840868,21,er,0.5,0.6363636363636364
0,0,3,11,13.44964799510254,27.5,11.23382964434132,3748,12.842345560871342,3739,11.23382964434132,22,er,0.5,0.3939393939393939
1,1,4,21,35.76383671424993,92.8125,25.32069988007043,3176,27.412628242211056,3167,25.32069988007043,22,er,0.5,0.3939393939393939
2,2,5,51,90.168218625018,297.0,70.8990410529209,2972,73.07839611224416,2879,70.8990410529209,22,er,0.5,0.3939393939393939
3,3,6,119,207.2047448201172,866.25,171.6659765763516,2386,171.58670232816544,2330,171.6659765763516,22,er,0.5,0.3939393939393939
4,4,7,244,419.7914310641334,2227.5,360.7529786194543,1578,376.66505106168125,1609,360.7529786194543,22,er,0.5,0.3939393939393939
5,5,8,404,723.5041709628056,4872.65625,554.7547261998421,743,630.5791252482478,823,554.7547261998421,22,er,0.5,0.3939393939393939
6,6,9,545,1013.3930475438624,8662.5,695.2869295745298,285,795.7460791195444,329,695.2869295745298,22,er,0.5,0.3939393939393939
7,7,10,506,1077.8816960239262,11694.375,683.1931372716309,93,821.3215069548497,108,683.1931372716309,22,er,0.5,0.3939393939393939
8,8,11,255,772.0364764909664,10631.25,507.7900735413676,19,340.12813241467006,16,507.7900735413676,22,er,0.5,0.3939393939393939
9,9,12,36,278.7909498439601,4872.65625,0.0,0,0.0,0,278.7909498439601,22,er,0.5,0.3939393939393939
0,0,3,15,13.44964799510254,27.5,15.100420633288383,4924,17.14862139536359,4892,15.100420633288383,23,er,0.5,0.3939393939393939
1,1,4,30,35.76383671424993,92.8125,32.34491250926221,3697,35.937646896620144,3765,32.34491250926221,23,er,0.5,0.3939393939393939
2,2,5,68,90.168218625018,297.0,79.67888155285576,3135,84.96218413069037,3208,79.67888155285576,23,er,0.5,0.3939393939393939
3,3,6,119,207.2047448201172,866.25,144.3247351097533,1843,147.38631026514685,1803,144.3247351097533,23,er,0.5,0.3939393939393939
4,4,7,160,419.7914310641334,2227.5,200.8674328358568,863,202.15715387051335,826,200.8674328358568,23,er,0.5,0.3939393939393939
5,5,8,185,723.5041709628056,4872.65625,255.44663829692425,387,217.98761112361584,346,255.44663829692425,23,er,0.5,0.3939393939393939
6,6,9,188,1013.3930475438624,8662.5,216.1795644410327,119,212.2864720464328,127,216.1795644410327,23,er,0.5,0.3939393939393939
7,7,10,144,1077.8816960239262,11694.375,144.73531565713105,27,150.35875698456874,32,144.73531565713105,23,er,0.5,0.3939393939393939
8,8,11,59,772.0364764909664,10631.25,84.43277056634372,5,17.669316012218157,1,84.43277056634372,23,er,0.5,0.3939393939393939
9,9,12,6,278.7909498439601,4872.65625,0.0,0,0.0,0,278.7909498439601,23,er,0.5,0.3939393939393939
0,0,3,27,25.074992347719625,27.5,25.564580484796817,5687,26.25083185914996,5744,25.564580484796817,24,er,0.5,0.4848484848484848
1,1,4,81,82.06361131980967,92.8125,83.62838976615654,5508,85.63119919619301,5569,83.62838976615654,24,er,0.5,0.4848484848484848
2,2,5,227,254.64587270147004,297.0,249.67927256496645,4393,248.9880743138647,4316,249.67927256496645,24,er,0.5,0.4848484848484848
3,3,6,549,720.2105490546628,866.25,621.476738659974,2805,629.9706586739408,2814,621.476738659974,24,er,0.5,0.4848484848484848
4,4,7,1125,1795.8496807596784,2227.5,1300.5799250605369,1544,1360.2292266487432,1585,1300.5799250605369,24,er,0.5,0.4848484848484848
5,5,8,1856,3809.378110702348,4872.65625,2203.4835960867854,705,2231.237550990478,673,2203.4835960867854,24,er,0.5,0.4848484848484848
6,6,9,2446,6567.008729560952,8662.5,3048.55682063684,266,2767.657957411661,224,3048.55682063684,24,er,0.5,0.4848484848484848
7,7,10,2437,8596.811427788882,11694.375,2921.57556553301,68,2938.775634449866,68,2921.57556553301,24,er,0.5,0.4848484848484848
8,8,11,1476,7578.456355075599,10631.25,3359.3253156584874,23,1054.4742671070296,6,3359.3253156584874,24,er,0.5,0.4848484848484848
9,9,12,388,3368.202824478044,4872.65625,518.4526304304829,1,492.4673838569737,1,518.4526304304829,24,er,0.5,0.4848484848484848
0,0,3,25,25.074992347719625,27.5,24.763612565212803,5385,24.54701269841289,5265,24.763612565212803,25,er,0.5,0.4848484848484848
1,1,4,78,82.06361131980967,92.8125,84.59798164502008,5478,84.23658057143064,5425,84.59798164502008,25,er,0.5,0.4848484848484848
2,2,5,226,254.64587270147004,297.0,255.20100463794907,4322,255.42137443511535,4345,255.20100463794907,25,er,0.5,0.4848484848484848
3,3,6,582,720.2105490546628,866.25,683.943012700131,2981,697.4014427447609,3075,683.943012700131,25,er,0.5,0.4848484848484848
4,4,7,1285,1795.8496807596784,2227.5,1507.6712673872112,1702,1537.4993766743382,1723,1507.6712673872112,25,er,0.5,0.4848484848484848
5,5,8,2341,3809.378110702348,4872.65625,2700.5490493843736,779,2844.484032743628,812,2700.5490493843736,25,er,0.5,0.4848484848484848
6,6,9,3335,6567.008729560952,8662.5,3711.8338799095854,269,3705.74484279746,276,3711.8338799095854,25,er,0.5,0.4848484848484848
7,7,10,3440,8596.811427788882,11694.375,3710.265780244763,69,3295.265536914419,66,3710.265780244763,25,er,0.5,0.4848484848484848
8,8,11,2209,7578.456355075599,10631.25,2844.871410596303,15,1315.996276467046,10,2844.871410596303,25,er,0.5,0.4848484848484848
9,9,12,652,3368.202824478044,4872.65625,0.0,0,1253.7244830561306,3,3368.202824478044,25,er,0.5,0.4848484848484848
0,0,3,46,48.97459442913989,27.5,46.19792697826835,7173,40.77090215986094,7187,46.19792697826835,26,er,0.5,0.6060606060606061
1,1,4,174,200.3506135737541,92.8125,186.22206346834213,7008,166.15016266141933,6885,186.22206346834213,26,er,0.5,0.6060606060606061
2,2,5,664,777.1175314375917,297.0,733.3981357996232,5980,687.982046066421,6061,733.3981357996232,26,er,0.5,0.6060606060606061
3,3,6,2289,2747.3852121531017,866.25,2637.1758175861487,4316,2556.250284606003,4382,2637.1758175861487,26,er,0.5,0.6060606060606061
4,4,7,6894,8563.278583334344,2227.5,8212.238365090401,2606,7913.780686605621,2568,8212.238365090401,26,er,0.5,0.6060606060606061
5,5,8,17479,22705.66291035621,4872.65625,21069.304445804053,1257,20722.55791590564,1257,21069.304445804053,26,er,0.5,0.6060606060606061
6,6,9,35576,48928.02782029622,8662.5,46655.87844149523,512,42168.23473740915,468,46655.87844149523,26,er,0.5,0.6060606060606061
7,7,10,54259,80064.0455241211,11694.375,62390.636775774015,127,75681.63364260165,153,62390.636775774015,26,er,0.5,0.6060606060606061
8,8,11,54933,88224.84355275052,10631.25,44757.29364233195,18,86094.175958766,33,44757.29364233195,26,er,0.5,0.6060606060606061
9,9,12,27596,49013.80197375029,4872.65625,40857.79428793376,3,83813.38156551332,6,40857.79428793376,26,er,0.5,0.6060606060606061
0,0,3,24,25.074992347719625,27.5,23.38718692761585,5176,23.6007509108211,5138,23.38718692761585,27,er,0.5,0.4848484848484848
1,1,4,79,82.06361131980967,92.8125,84.00835734936305,5406,83.6861990646179,5312,84.00835734936305,27,er,0.5,0.4848484848484848
2,2,5,234,254.64587270147004,297.0,267.0384562232609,4582,266.8347741940596,4523,267.0384562232609,27,er,0.5,0.4848484848484848
3,3,6,600,720.2105490546628,866.25,699.574511326484,3005,711.3436389151315,3074,699.574511326484,27,er,0.5,0.4848484848484848
4,4,7,1337,1795.8496807596784,2227.5,1541.3567161038116,1637,1640.3277455663706,1746,1541.3567161038116,27,er,0.5,0.4848484848484848
5,5,8,2480,3809.378110702348,4872.65625,3095.7365464073537,824,2898.604670493972,792,3095.7365464073537,27,er,0.5,0.4848484848484848
6,6,9,3564,6567.008729560952,8662.5,4475.6687596560505,286,4968.992244072685,327,4475.6687596560505,27,er,0.5,0.4848484848484848
7,7,10,3598,8596.811427788882,11694.375,3750.455621587413,66,4580.840874706876,76,3750.455621587413,27,er,0.5,0.4848484848484848
8,8,11,2017,7578.456355075599,10631.25,2759.090274562164,16,2089.453822035964,12,2759.090274562164,27,er,0.5,0.4848484848484848
9,9,12,331,3368.202824478044,4872.65625,819.6713905511815,2,0.0,0,819.6713905511815,27,er,0.5,0.4848484848484848
0,0,3,26,22.796908478726664,27.5,24.54113260195573,5628,25.5016825333742,5637,24.54113260195573,28,er,0.5,0.4696969696969697
1,1,4,74,72.27656210869023,92.8125,74.89459201886221,4798,77.05823938898416,4788,74.89459201886221,28,er,0.5,0.4696969696969697
2,2,5,204,217.2677260964264,297.0,222.79948501761845,4016,229.64332574438623,4021,222.79948501761845,28,er,0.5,0.4696969696969697
3,3,6,479,595.291623269249,866.25,566.2334372595153,2783,575.2878805061695,2835,566.2334372595153,28,er,0.5,0.4696969696969697
4,4,7,958,1437.9771678971472,2227.5,1202.010853088321,1613,1225.958289440227,1602,1202.010853088321,28,er,0.5,0.4696969696969697
5,5,8,1586,2954.934142364403,4872.65625,2066.5869741087404,778,1960.457303834928,744,2066.5869741087404,28,er,0.5,0.4696969696969697
6,6,9,2088,4934.83951048062,8662.5,2509.7117757151577,286,2501.766433435075,283,2509.7117757151577,28,er,0.5,0.4696969696969697
7,7,10,2169,6258.2737428367855,11694.375,2401.338658209405,76,2355.1692480342663,76,2401.338658209405,28,er,0.5,0.4696969696969697
8,8,11,1425,5344.531295535548,10631.25,2714.301717315225,21,1461.271298268425,13,2714.301717315225,28,er,0.5,0.4696969696969697
9,9,12,376,2301.1176411333613,4872.65625,250.11398660042695,1,249.9841247174581,1,250.11398660042695,28,er,0.5,0.4696969696969697
0,0,3,10,11.95668809305173,27.5,9.811487054085497,3078,11.353350253596917,3047,9.811487054085497,29,er,0.5,0.3787878787878788
1,1,4,25,30.571077510643622,92.8125,28.003239319603065,3611,30.752626188231915,3576,28.003239319603065,29,er,0.5,0.3787878787878788
2,2,5,51,74.11170305610575,297.0,63.54460889646318,3142,65.0729670450273,3016,63.54460889646318,29,er,0.5,0.3787878787878788
3,3,6,89,163.7569196315468,866.25,112.93583204115332,1960,114.1607582122896,1960,112.93583204115332,29,er,0.5,0.3787878787878788
4,4,7,156,319.00698629522105,2227.5,198.61687437318363,1159,207.49195951773203,1230,198.61687437318363,29,er,0.5,0.3787878787878788
5,5,8,222,528.657411000603,4872.65625,273.9972633564219,676,284.3697898463227,711,273.9972633564219,29,er,0.5,0.3787878787878788
6,6,9,263,711.9965131321254,8662.5,279.2086898718528,267,322.6890393845586,315,279.2086898718528,29,er,0.5,0.3787878787878788
7,7,10,259,728.1782520669464,11694.375,271.56389630824066,89,345.30961607480026,114,271.56389630824066,29,er,0.5,0.3787878787878788
8,8,11,173,501.50017359982536,10631.25,175.3426911800957,16,228.48602786639572,28,175.3426911800957,29,er,0.5,0.3787878787878788
9,9,12,78,174.13200472216155,4872.65625,41.35423083314404,2,58.88144825127023,3,41.35423083314404,29,er,0.5,0.3787878787878788
0,0,3,23,25.074992347719625,27.5,21.52789157491618,4749,23.02063953077818,4978,21.52789157491618,30,er,0.5,0.4848484848484848
1,1,4,75,82.06361131980967,92.8125,79.26848964445882,5342,80.5394282683238,5282,79.26848964445882,30,er,0.5,0.4848484848484848
2,2,5,216,254.64587270147004,297.0,243.3433537310489,4669,249.328870693288,4639,243.3433537310489,30,er,0.5,0.4848484848484848
3,3,6,529,720.2105490546628,866.25,632.1802682362433,3104,631.0081617768469,3036,632.1802682362433,30,er,0.5,0.4848484848484848
4,4,7,1178,1795.8496807596784,2227.5,1460.8202487015933,1858,1503.6300940919364,1838,1460.8202487015933,30,er,0.5,0.4848484848484848
5,5,8,2194,3809.378110702348,4872.65625,2634.407477448478,881,2521.3847889924846,816,2634.407477448478,30,er,0.5,0.4848484848484848
6,6,9,3291,6567.008729560952,8662.5,3629.763790208348,299,3752.6289798376856,309,3629.763790208348,30,er,0.5,0.4848484848484848
7,7,10,3750,8596.811427788882,11694.375,3573.5456858803705,79,3757.7943424356295,86,3573.5456858803705,30,er,0.5,0.4848484848484848
8,8,11,2936,7578.456355075599,10631.25,2840.871304481504,17,2274.233682110545,13,2840.871304481504,30,er,0.5,0.4848484848484848
9,9,12,1213,3368.202824478044,4872.65625,1256.443695338722,2,1941.1197573889945,3,1256.443695338722,30,er,0.5,0.4848484848484848
0,0,3,46,48.97459442913989,27.5,45.807508574997065,7063,40.49566220749006,7083,45.807508574997065,31,er,0.5,0.6060606060606061
1,1,4,176,200.3506135737541,92.8125,184.5125764450364,6921,169.3106914033924,6977,184.5125764450364,31,er,0.5,0.6060606060606061
2,2,5,666,777.1175314375917,297.0,748.29097051972,6050,688.6455009209463,5963,748.29097051972,31,er,0.5,0.6060606060606061
3,3,6,2290,2747.3852121531017,866.25,2605.559083212122,4332,2551.4538349348177,4328,2605.559083212122,31,er,0.5,0.6060606060606061
4,4,7,6890,8563.278583334344,2227.5,8078.0826446221,2586,8215.795443352808,2640,8078.0826446221,31,er,0.5,0.6060606060606061
5,5,8,17435,22705.66291035621,4872.65625,21239.73360415502,1300,21735.368544427405,1303,21239.73360415502,31,er,0.5,0.6060606060606061
6,6,9,35701,48928.02782029622,8662.5,47123.94033123554,549,49554.2760235102,549,47123.94033123554,31,er,0.5,0.6060606060606061
7,7,10,55902,80064.0455241211,11694.375,75097.25302425101,161,63619.59379500114,138,75097.25302425101,31,er,0.5,0.6060606060606061
8,8,11,60337,88224.84355275052,10631.25,74717.77395658428,32,51520.2050745603,19,74717.77395658428,31,er,0.5,0.6060606060606061
9,9,12,34515,49013.80197375029,4872.65625,81876.08117367698,6,0.0,0,81876.08117367698,31,er,0.5,0.6060606060606061
0,0,3,14,13.44964799510254,27.5,13.440501041361175,4019,15.576882871266312,4076,13.440501041361175,32,er,0.5,0.3939393939393939
1,1,4,32,35.76383671424993,92.8125,34.55831089933252,3516,38.39431941547113,3554,34.55831089933252,32,er,0.5,0.3939393939393939
2,2,5,68,90.168218625018,297.0,82.46764414480062,2765,86.4413607570048,2734,82.46764414480062,32,er,0.5,0.3939393939393939
3,3,6,125,207.2047448201172,866.25,160.02040467022462,2065,160.3945411071739,1992,160.02040467022462,32,er,0.5,0.3939393939393939
4,4,7,207,419.7914310641334,2227.5,268.5745828738144,1329,271.5864333847308,1353,268.5745828738144,32,er,0.5,0.3939393939393939
5,5,8,303,723.5041709628056,4872.65625,383.8476648760435,775,399.9650119601428,761,383.8476648760435,32,er,0.5,0.3939393939393939
6,6,9,387,1013.3930475438624,8662.5,444.49341643986895,352,470.3469626401056,365,444.49341643986895,32,er,0.5,0.3939393939393939
7,7,10,428,1077.8816960239262,11694.375,612.9582962086199,141,509.47951627382406,135,612.9582962086199,32,er,0.5,0.3939393939393939
8,8,11,336,772.0364764909664,10631.25,368.9235069481993,33,296.5882847485695,28,368.9235069481993,32,er,0.5,0.3939393939393939
9,9,12,138,278.7909498439601,4872.65625,168.89157077706682,5,63.23475495217016,2,168.89157077706682,32,er,0.5,0.3939393939393939
0,0,3,19,20.661157024793383,27.5,18.604725961324878,4568,19.376838463236016,4503,18.604725961324878,33,er,0.5,0.4545454545454545
1,1,4,62,63.392186326070615,92.8125,66.07614634787996,5283,69.90879025239053,5374,66.07614634787996,33,er,0.5,0.4545454545454545
2,2,5,156,184.41363294856905,297.0,180.5330616072043,3983,178.62849197569304,3842,180.5330616072043,33,er,0.5,0.4545454545454545
3,3,6,382,488.9755419090846,866.25,450.9797798761494,2813,449.14584341128585,2794,450.9797798761494,33,er,0.5,0.4545454545454545
4,4,7,755,1143.0597083588991,2227.5,927.332807609822,1512,980.9923764300408,1583,927.332807609822,33,er,0.5,0.4545454545454545
5,5,8,1225,2273.1301018500835,4872.65625,1366.0814528541994,594,1487.316287404476,645,1366.0814528541994,33,er,0.5,0.4545454545454545
6,6,9,1530,3673.745619151649,8662.5,1639.3607737731736,202,1771.8404317211669,219,1639.3607737731736,33,er,0.5,0.4545454545454545
7,7,10,1285,4508.687805322479,11694.375,1192.2581054923032,38,1032.2065930138351,33,1192.2581054923032,33,er,0.5,0.4545454545454545
8,8,11,459,3726.188268861553,10631.25,628.1816472809599,6,454.03962494541184,7,628.1816472809599,33,er,0.5,0.4545454545454545
9,9,12,19,1552.5784453589802,4872.65625,170.64307078001872,1,0.0,0,170.64307078001872,33,er,0.5,0.4545454545454545
0,0,3,24,27.5,27.5,24.123314373901216,5385,24.289746762614765,5393,24.123314373901216,34,er,0.5,0.5
1,1,4,83,92.8125,92.8125,93.36195235266835,5636,92.4259926149678,5581,93.36195235266835,34,er,0.5,0.5
2,2,5,256,297.0,297.0,303.8072244229696,4711,300.13551480623806,4702,303.8072244229696,34,er,0.5,0.5
3,3,6,699,866.25,866.25,863.7951808062951,3165,844.8447776071732,3158,863.7951808062951,34,er,0.5,0.5
4,4,7,1691,2227.5,2227.5,2124.223594427448,1835,2163.533534699969,1876,2124.223594427448,34,er,0.5,0.5
5,5,8,3415,4872.65625,4872.65625,4332.633679905134,864,4319.9690775958925,874,4332.633679905134,34,er,0.5,0.5
6,6,9,5471,8662.5,8662.5,6883.561681875312,310,6911.506312663646,313,6883.561681875312,34,er,0.5,0.5
7,7,10,6187,11694.375,11694.375,7442.345117860825,77,8336.86279744571,90,7442.345117860825,34,er,0.5,0.5
8,8,11,3925,10631.25,10631.25,4765.657062761123,16,4692.037581267797,12,4765.657062761123,34,er,0.5,0.5
9,9,12,801,4872.65625,4872.65625,765.3305105799135,1,762.0598673723094,1,765.3305105799135,34,er,0.5,0.5
0,0,3,18,15.061983471074385,27.5,17.398394186788686,4778,19.22367826547484,4698,17.398394186788686,35,er,0.5,0.4090909090909091
1,1,4,46,41.59161344853494,92.8125,49.10467385646485,4322,51.899715178569245,4228,49.10467385646485,35,er,0.5,0.4090909090909091
2,2,5,111,108.8944061198006,297.0,129.89226012332935,3493,133.1151362289404,3444,129.89226012332935,35,er,0.5,0.4090909090909091
3,3,6,227,259.86165096770594,866.25,261.2759343916467,2004,286.7791174815601,2153,261.2759343916467,35,er,0.5,0.4090909090909091
4,4,7,378,546.7219150229658,2227.5,467.94619052415146,1002,484.017787414529,1021,467.94619052415146,35,er,0.5,0.4090909090909091
5,5,8,452,978.507972910422,4872.65625,515.5582591851082,321,595.4528653208109,371,515.5582591851082,35,er,0.5,0.4090909090909091
6,6,9,336,1423.284324233341,8662.5,403.8120533658544,74,422.0918196701363,77,403.8120533658544,35,er,0.5,0.4090909090909091
7,7,10,128,1572.0822308577358,11694.375,72.39049105745192,6,111.65107240070672,7,72.39049105745192,35,er,0.5,0.4090909090909091
8,8,11,9,1169.3173617950104,10631.25,0.0,0,25.64254477963633,1,1169.3173617950104,35,er,0.5,0.4090909090909091
9,9,12,0,438.4940106731288,4872.65625,0.0,0,0.0,0,438.4940106731288,35,er,0.5,0.4090909090909091
0,0,3,41,38.76109580655034,27.5,38.94178455477983,7015,37.0259445889427,7167,38.94178455477983,36,er,0.5,0.5606060606060606
1,1,4,147,146.6755102679689,92.8125,150.73881720988328,6852,144.33681696483393,6909,150.73881720988328,36,er,0.5,0.5606060606060606
2,2,5,482,526.253951991743,297.0,519.4687597109513,5295,499.0710745716643,5287,519.4687597109513,36,er,0.5,0.5606060606060606
3,3,6,1422,1720.9567369426943,866.25,1619.2656444601737,3559,1512.6248634191763,3466,1619.2656444601737,36,er,0.5,0.5606060606060606
4,4,7,3587,4961.719423393222,2227.5,4320.667246440856,2046,4134.046005995958,2003,4320.667246440856,36,er,0.5,0.5606060606060606
5,5,8,7327,12169.368661542088,4872.65625,8678.676118200108,856,7878.233891648402,803,8678.676118200108,36,er,0.5,0.5606060606060606
6,6,9,11264,24256.78871256874,8662.5,13919.188799312657,288,13229.685349674388,282,13919.188799312657,36,er,0.5,0.5606060606060606
7,7,10,11715,36715.95746038813,11694.375,17284.577462927853,81,14307.372057633758,66,17284.577462927853,36,er,0.5,0.5606060606060606
8,8,11,7162,37423.97867863253,10631.25,6305.370695679917,7,13273.111614810972,16,6305.370695679917,36,er,0.5,0.5606060606060606
9,9,12,1720,19231.76682096393,4872.65625,3594.503947470376,1,3456.7035584007854,1,3594.503947470376,36,er,0.5,0.5606060606060606
0,0,3,20,25.074992347719625,27.5,19.84041288595185,4451,20.608866974116857,4515,19.84041288595185,37,er,0.5,0.4848484848484848
1,1,4,72,82.06361131980967,92.8125,79.52281178672172,5380,79.69650951426853,5300,79.52281178672172,37,er,0.5,0.4848484848484848
2,2,5,222,254.64587270147004,297.0,258.90773669269583,4786,260.5250272630409,4769,258.90773669269583,37,er,0.5,0.4848484848484848
3,3,6,564,720.2105490546628,866.25,677.0184618044557,3075,707.4782775949484,3165,677.0184618044557,37,er,0.5,0.4848484848484848
4,4,7,1318,1795.8496807596784,2227.5,1622.872316751823,1872,1647.239361056222,1867,1622.872316751823,37,er,0.5,0.4848484848484848
5,5,8,2518,3809.378110702348,4872.65625,3284.737651957798,972,3123.2128519933517,907,3284.737651957798,37,er,0.5,0.4848484848484848
6,6,9,3742,6567.008729560952,8662.5,4495.558544049401,343,4373.702332910912,344,4495.558544049401,37,er,0.5,0.4848484848484848
7,7,10,4100,8596.811427788882,11694.375,4118.809085429711,96,5698.995214522457,103,4118.809085429711,37,er,0.5,0.4848484848484848
8,8,11,3014,7578.456355075599,10631.25,3967.178858376327,23,4414.053194944135,26,3967.178858376327,37,er,0.5,0.4848484848484848
9,9,12,1388,3368.202824478044,4872.65625,1362.0911455435144,2,2699.593391878433,4,1362.0911455435144,37,er,0.5,0.4848484848484848
0,0,3,18,15.061983471074385,27.5,16.89098287916893,4541,18.70601837036906,4479,16.89098287916893,38,er,0.5,0.4090909090909091
1,1,4,43,41.59161344853494,92.8125,43.52230621015353,3530,46.42175481802246,3487,43.52230621015353,38,er,0.5,0.4090909090909091
2,2,5,102,108.8944061198006,297.0,114.78210445508542,3340,119.2621459541808,3324,114.78210445508542,38,er,0.5,0.4090909090909091
3,3,6,202,259.86165096770594,866.25,236.50879886254208,2269,250.38948203547517,2358,236.50879886254208,38,er,0.5,0.4090909090909091
4,4,7,348,546.7219150229658,2227.5,406.07978891988375,1330,432.9557688473563,1376,406.07978891988375,38,er,0.5,0.4090909090909091
5,5,8,476,978.507972910422,4872.65625,576.3624751379742,633,581.2663747706684,640,576.3624751379742,38,er,0.5,0.4090909090909091
6,6,9,476,1423.284324233341,8662.5,472.4743069826678,243,592.0330221602568,235,472.4743069826678,38,er,0.5,0.4090909090909091
7,7,10,345,1572.0822308577358,11694.375,323.3727513724321,92,368.9314459587038,69,323.3727513724321,38,er,0.5,0.4090909090909091
8,8,11,245,1169.3173617950104,10631.25,146.26002236269733,18,189.60559762257637,27,146.26002236269733,38,er,0.5,0.4090909090909091
9,9,12,149,438.4940106731288,4872.65625,123.64302857894154,4,145.8796104472566,5,123.64302857894154,38,er,0.5,0.4090909090909091
0,0,3,15,16.798285889194982,27.5,15.8352076038964,4748,17.09852967712473,4659,15.8352076038964,39,er,0.5,0.4242424242424242
1,1,4,33,48.10418231905836,92.8125,38.01526190684641,3843,40.59064352835532,3833,38.01526190684641,39,er,0.5,0.4242424242424242
2,2,5,91,130.61014350871602,297.0,115.75108450870108,3526,120.68877471872604,3538,115.75108450870108,39,er,0.5,0.4242424242424242
3,3,6,210,323.22712282460026,866.25,279.779050878545,2413,298.83103122478855,2544,279.779050878545,39,er,0.5,0.4242424242424242
4,4,7,406,705.2228134354915,2227.5,562.6959048885005,1451,560.9345767510862,1452,562.6959048885005,39,er,0.5,0.4242424242424242
5,5,8,656,1308.9362825128442,4872.65625,863.3881410294126,697,824.3692779554517,647,863.3881410294126,39,er,0.5,0.4242424242424242
6,6,9,833,1974.4224059453004,8662.5,964.3132554361782,237,1052.673546314746,251,964.3132554361782,39,er,0.5,0.4242424242424242
7,7,10,778,2261.611119537344,11694.375,927.610159726484,70,926.7230610078484,68,927.610159726484,39,er,0.5,0.4242424242424242
8,8,11,482,1744.4934255384471,10631.25,519.7086910931853,13,323.9599070741802,7,519.7086910931853,39,er,0.5,0.4242424242424242
9,9,12,157,678.4141099316184,4872.65625,238.1041194752472,2,111.45125560319995,1,238.1041194752472,39,er,0.5,0.4242424242424242
0,0,3,27,30.07652280379553,27.5,26.41594712203524,5330,25.74450494801682,5269,26.41594712203524,40,er,0.5,0.5151515151515151
1,1,4,101,104.58427247683444,92.8125,106.98255843991612,6239,105.63183864655424,6217,106.98255843991612,40,er,0.5,0.5151515151515151
2,2,5,305,344.8111771357451,297.0,333.1318026900784,4874,338.84799535040673,4932,333.1318026900784,40,er,0.5,0.5151515151515151
3,3,6,830,1036.17500199883,866.25,949.1121950719706,3299,965.136962029964,3295,949.1121950719706,40,er,0.5,0.5151515151515151
4,4,7,1951,2745.19091438651,2227.5,2291.570093046584,1890,2375.957541794199,1951,2291.570093046584,40,er,0.5,0.5151515151515151
5,5,8,3812,6187.07800780293,4872.65625,4842.560273390486,937,4620.636439995503,865,4842.560273390486,40,er,0.5,0.5151515151515151
6,6,9,6014,11332.560391396612,8662.5,6811.027060129741,318,7749.863302161232,360,6811.027060129741,40,er,0.5,0.5151515151515151
7,7,10,7163,15762.561271669832,11694.375,8354.81475398683,96,9232.84457899998,103,8354.81475398683,40,er,0.5,0.5151515151515151
8,8,11,5599,14763.831494126014,10631.25,6560.993488017095,15,2972.54220389074,8,6560.993488017095,40,er,0.5,0.5151515151515151
9,9,12,2241,6971.809316670618,4872.65625,2713.487353203498,2,0.0,0,2713.487353203498,40,er,0.5,0.5151515151515151
0,0,3,32,38.76109580655034,27.5,32.83335568846944,5954,29.931960415815333,5862,32.83335568846944,41,er,0.5,0.5606060606060606
1,1,4,134,146.6755102679689,92.8125,144.15682915352266,6706,138.286448319735,6781,144.15682915352266,41,er,0.5,0.5606060606060606
2,2,5,466,526.253951991743,297.0,527.7451622387946,5723,508.5282857122946,5715,527.7451622387946,41,er,0.5,0.5606060606060606
3,3,6,1435,1720.9567369426943,866.25,1648.6578759871168,3864,1604.6000146389788,3835,1648.6578759871168,41,er,0.5,0.5606060606060606
4,4,7,3888,4961.719423393222,2227.5,4547.998916576117,2238,4548.195530545479,2246,4547.998916576117,41,er,0.5,0.5606060606060606
5,5,8,8806,12169.368661542088,4872.65625,10223.807512231971,1046,10107.071775525434,1030,10223.807512231971,41,er,0.5,0.5606060606060606
6,6,9,15670,24256.78871256874,8662.5,17385.187888978235,360,19331.72035960165,397,17385.187888978235,41,er,0.5,0.5606060606060606
7,7,10,20376,36715.95746038813,11694.375,20969.98859716092,93,27039.58888250453,117,20969.98859716092,41,er,0.5,0.5606060606060606
8,8,11,17397,37423.97867863253,10631.25,16100.82227936144,15,18451.37596994052,15,16100.82227936144,41,er,0.5,0.5606060606060606
9,9,12,7362,19231.76682096393,4872.65625,4832.484303255005,1,9897.160044504206,2,4832.484303255005,41,er,0.5,0.5606060606060606
0,0,3,10,11.95668809305173,27.5,10.04746044927573,3457,11.680859312532649,3450,10.04746044927573,42,er,0.5,0.3787878787878788
1,1,4,24,30.571077510643622,92.8125,28.145983043226,3333,31.961857999496704,3378,28.145983043226,42,er,0.5,0.3787878787878788
2,2,5,56,74.11170305610575,297.0,71.81871827124405,3157,75.93396946042647,3111,71.81871827124405,42,er,0.5,0.3787878787878788
3,3,6,99,163.7569196315468,866.25,127.91680432108744,1927,125.14767508351186,1889,127.91680432108744,42,er,0.5,0.3787878787878788
4,4,7,165,319.00698629522105,2227.5,205.83646457099303,1213,216.55969010156477,1237,205.83646457099303,42,er,0.5,0.3787878787878788
5,5,8,224,528.657411000603,4872.65625,269.1171530717328,598,264.1006046953064,584,269.1171530717328,42,er,0.5,0.3787878787878788
6,6,9,250,711.9965131321254,8662.5,287.48451967073083,223,329.5988055810699,263,287.48451967073083,42,er,0.5,0.3787878787878788
7,7,10,236,728.1782520669464,11694.375,232.81198845831355,70,215.62287523762535,69,232.81198845831355,42,er,0.5,0.3787878787878788
8,8,11,158,501.50017359982536,10631.25,145.25947955706965,19,151.96432247321107,17,145.25947955706965,42,er,0.5,0.3787878787878788
9,9,12,52,174.13200472216155,4872.65625,56.76155585040401,3,35.26328196072068,2,56.76155585040401,42,er,0.5,0.3787878787878788
0,0,3,19,20.661157024793383,27.5,18.20392062482961,4323,19.76822848465937,4424,18.20392062482961,43,er,0.5,0.4545454545454545
1,1,4,56,63.392186326070615,92.8125,58.659826839825904,4590,62.54296822190134,4655,58.659826839825904,43,er,0.5,0.4545454545454545
2,2,5,152,184.41363294856905,297.0,173.17083941915612,4164,183.7469637095543,4189,173.17083941915612,43,er,0.5,0.4545454545454545
3,3,6,345,488.9755419090846,866.25,404.2447462491313,2784,427.1256111572273,2781,404.2447462491313,43,er,0.5,0.4545454545454545
4,4,7,690,1143.0597083588991,2227.5,863.9047113924379,1710,830.1035294988993,1631,863.9047113924379,43,er,0.5,0.4545454545454545
5,5,8,1247,2273.1301018500835,4872.65625,1569.0952665634952,898,1546.2059193335829,870,1569.0952665634952,43,er,0.5,0.4545454545454545
6,6,9,1878,3673.745619151649,8662.5,2358.887093149849,383,1990.3259392323123,338,2358.887093149849,43,er,0.5,0.4545454545454545
7,7,10,2193,4508.687805322479,11694.375,2791.9346089397777,121,1800.037033200554,80,2791.9346089397777,43,er,0.5,0.4545454545454545
8,8,11,1854,3726.188268861553,10631.25,1874.701540715561,24,2120.580329922017,29,1874.701540715561,43,er,0.5,0.4545454545454545
9,9,12,872,1552.5784453589802,4872.65625,875.4490605822192,3,844.4982996807414,3,875.4490605822192,43,er,0.5,0.4545454545454545
0,0,3,28,32.80915212733394,27.5,28.9015065261176,5855,27.37802695552825,5772,28.9015065261176,44,er,0.5,0.5303030303030303
1,1,4,95,117.44185136488854,92.8125,106.305087932621,5863,101.04481037421988,5766,106.305087932621,44,er,0.5,0.5303030303030303
2,2,5,308,398.59052584447016,297.0,359.085363115812,4902,358.13334298058027,4966,359.085363115812,44,er,0.5,0.5303030303030303
3,3,6,919,1233.0136216148385,866.25,1152.8185381064034,3600,1144.238869297768,3623,1152.8185381064034,44,er,0.5,0.5303030303030303
4,4,7,2440,3362.764422585922,2227.5,3072.365399008532,2145,3124.5910400977505,2194,3072.365399008532,44,er,0.5,0.5303030303030303
5,5,8,5410,7801.868215279838,4872.65625,6944.176897099537,1064,7253.00897735431,1105,6944.176897099537,44,er,0.5,0.5303030303030303
6,6,9,9599,14710.593267867707,8662.5,12205.591127963771,413,12929.577979652517,435,12205.591127963771,44,er,0.5,0.5303030303030303
7,7,10,12830,21062.894906265126,11694.375,17098.50808049572,123,16239.15447513405,121,17098.50808049572,44,er,0.5,0.5303030303030303
8,8,11,11271,20308.57635590301,10631.25,19616.13236832251,31,9716.29568221578,16,19616.13236832251,44,er,0.5,0.5303030303030303
9,9,12,4883,9872.224617452852,4872.65625,11066.558009918648,4,5592.845868973232,2,11066.558009918648,44,er,0.5,0.5303030303030303
0,0,3,16,15.061983471074385,27.5,15.75540546754672,4951,17.41965419910276,4901,15.75540546754672,45,er,0.5,0.4090909090909091
1,1,4,36,41.59161344853494,92.8125,39.990569775679845,4150,42.929658575169775,4085,39.990569775679845,45,er,0.5,0.4090909090909091
2,2,5,78,108.8944061198006,297.0,94.36409393765076,3001,100.58192411147836,2996,94.36409393765076,45,er,0.5,0.4090909090909091
3,3,6,157,259.86165096770594,866.25,207.83743573637767,1943,224.4798026860908,2030,207.83743573637767,45,er,0.5,0.4090909090909091
4,4,7,281,546.7219150229658,2227.5,399.95223774020326,1171,412.2629961085132,1188,399.95223774020326,45,er,0.5,0.4090909090909091
5,5,8,400,978.507972910422,4872.65625,575.7922159191957,541,594.5505404494944,535,575.7922159191957,45,er,0.5,0.4090909090909091
6,6,9,437,1423.284324233341,8662.5,594.9378980467591,189,630.4627909877295,201,594.9378980467591,45,er,0.5,0.4090909090909091
7,7,10,340,1572.0822308577358,11694.375,392.0510251773664,46,411.27589785499686,54,392.0510251773664,45,er,0.5,0.4090909090909091
8,8,11,149,1169.3173617950104,10631.25,133.47768819458182,7,159.2023137618329,9,133.47768819458182,45,er,0.5,0.4090909090909091
9,9,12,25,438.4940106731288,4872.65625,46.31740492600516,1,43.072949025391246,1,46.31740492600516,45,er,0.5,0.4090909090909091
0,0,3,29,32.80915212733394,27.5,29.36617674445948,5858,28.07889289415528,5806,29.36617674445948,46,er,0.5,0.5303030303030303
1,1,4,98,117.44185136488854,92.8125,105.31685278744742,5709,101.86943646294628,5681,105.31685278744742,46,er,0.5,0.5303030303030303
2,2,5,306,398.59052584447016,297.0,353.1066395719756,4934,340.58510647439067,4851,353.1066395719756,46,er,0.5,0.5303030303030303
3,3,6,897,1233.0136216148385,866.25,1101.636963616907,3620,1116.5041194214405,3722,1101.636963616907,46,er,0.5,0.5303030303030303
4,4,7,2363,3362.764422585922,2227.5,2943.862108679474,2160,3113.5069421530507,2294,2943.862108679474,46,er,0.5,0.5303030303030303
5,5,8,5285,7801.868215279838,4872.65625,6991.759289970601,1116,6585.775805398346,1066,6991.759289970601,46,er,0.5,0.5303030303030303
6,6,9,9478,14710.593267867707,8662.5,12483.305103560968,429,12369.589172539892,437,12483.305103560968,46,er,0.5,0.5303030303030303
7,7,10,12807,21062.894906265126,11694.375,19397.221206472102,144,15120.812628326796,117,19397.221206472102,46,er,0.5,0.5303030303030303
8,8,11,11475,20308.57635590301,10631.25,16521.110873708265,26,15227.447983359289,25,16521.110873708265,46,er,0.5,0.5303030303030303
9,9,12,5033,9872.224617452852,4872.65625,11000.003221102008,4,2855.4831500950563,1,11000.003221102008,46,er,0.5,0.5303030303030303
0,0,3,19,20.661157024793383,27.5,18.532972117041,4533,19.990601490747157,4617,18.532972117041,47,er,0.5,0.4545454545454545
1,1,4,53,63.392186326070615,92.8125,57.65568856659902,4428,61.10635163409003,4497,57.65568856659902,47,er,0.5,0.4545454545454545
2,2,5,156,184.41363294856905,297.0,184.7339720195056,4281,185.3677566849992,4172,184.7339720195056,47,er,0.5,0.4545454545454545
3,3,6,373,488.9755419090846,866.25,466.963693683286,2935,458.1393748800073,2878,466.963693683286,47,er,0.5,0.4545454545454545
4,4,7,778,1143.0597083588991,2227.5,978.419243744829,1643,984.1221866047694,1639,978.419243744829,47,er,0.5,0.4545454545454545
5,5,8,1375,2273.1301018500835,4872.65625,1704.7720080350407,777,1747.9256225674333,807,1704.7720080350407,47,er,0.5,0.4545454545454545
6,6,9,1906,3673.745619151649,8662.5,2626.872268294795,325,2260.9155587759387,291,2626.872268294795,47,er,0.5,0.4545454545454545
7,7,10,1895,4508.687805322479,11694.375,1902.237685497392,65,2296.991552636713,80,1902.237685497392,47,er,0.5,0.4545454545454545
8,8,11,1156,3726.188268861553,10631.25,843.5743075459683,12,1261.0014366141345,16,843.5743075459683,47,er,0.5,0.4545454545454545
9,9,12,313,1552.5784453589802,4872.65625,217.11283559064927,1,636.9118666545759,3,217.11283559064927,47,er,0.5,0.4545454545454545
0,0,3,26,27.5,27.5,26.76793956418607,6053,27.27928618151936,6156,26.76793956418607,48,er,0.5,0.5
1,1,4,70,92.8125,92.8125,77.93728851404371,5176,78.52034459277951,5184,77.93728851404371,48,er,0.5,0.5
2,2,5,196,297.0,297.0,235.1477047736532,4105,235.17150231178903,4087,235.1477047736532,48,er,0.5,0.5
3,3,6,527,866.25,866.25,677.0600544679185,2996,685.2317947438752,3019,677.0600544679185,48,er,0.5,0.5
4,4,7,1326,2227.5,2227.5,1886.3500900645413,2038,1789.0974815489758,1917,1886.3500900645413,48,er,0.5,0.5
5,5,8,2934,4872.65625,4872.65625,4108.809294994364,1057,4205.742489069408,1064,4108.809294994364,48,er,0.5,0.5
6,6,9,5258,8662.5,8662.5,7210.04943836063,412,7120.69278780124,412,7210.04943836063,48,er,0.5,0.5
7,7,10,7121,11694.375,11694.375,9872.044805022664,129,9980.615112275817,134,9872.044805022664,48,er,0.5,0.5
8,8,11,6557,10631.25,10631.25,10228.879307802485,30,8492.246486668531,26,10228.879307802485,48,er,0.5,0.5
9,9,12,3088,4872.65625,4872.65625,5863.155917507197,4,1504.4870059580744,1,5863.155917507197,48,er,0.5,0.5
0,0,3,31,32.80915212733394,27.5,31.797160783872314,6395,29.85817082990248,6235,31.797160783872314,49,er,0.5,0.5303030303030303
1,1,4,95,117.44185136488854,92.8125,100.276691296052,5447,99.0496704678033,5547,100.276691296052,49,er,0.5,0.5303030303030303
2,2,5,305,398.59052584447016,297.0,354.36986101169816,4824,349.91427407394445,4939,354.36986101169816,49,er,0.5,0.5303030303030303
3,3,6,878,1233.0136216148385,866.25,1136.57251410866,3625,1067.774736371979,3510,1136.57251410866,49,er,0.5,0.5303030303030303
4,4,7,2278,3362.764422585922,2227.5,3051.7944693317377,2176,2975.2021498135405,2172,3051.7944693317377,49,er,0.5,0.5303030303030303
5,5,8,5065,7801.868215279838,4872.65625,6441.3143362291285,1012,6850.48060248302,1091,6441.3143362291285,49,er,0.5,0.5303030303030303
6,6,9,8989,14710.593267867707,8662.5,11730.6399610873,401,10747.512120431407,377,11730.6399610873,49,er,0.5,0.5303030303030303
7,7,10,11842,21062.894906265126,11694.375,12663.565503115837,99,14586.575721980344,108,12663.565503115837,49,er,0.5,0.5303030303030303
8,8,11,10201,20308.57635590301,10631.25,10530.234253023667,18,11424.679540451398,18,10530.234253023667,49,er,0.5,0.5303030303030303
9,9,12,4256,9872.224617452852,4872.65625,7977.062352275641,3,8037.512442233204,3,7977.062352275641,49,er,0.5,0.5303030303030303
